year,avgTemp,minTemp,maxTemp,rainFall,avgPrice
20100101,-4.9,-11,0.9,0,2817
20100102,-3.1,-5.5,5.5,0.8,2817
20100103,-2.9,-6.9,1.4,0,2817
20100104,-1.8,-5.1,2.2,5.9,2788
20100105,-5.2,-8.7,-1.8,0.7,2765
20100106,-7.3,-11.4,-2.5,0.3,2754
20100107,-6.7,-11.2,-1.2,0,2645
20100108,-5.6,-11.4,1.4,0,2721
20100109,-3.1,-8.8,1.8,0.1,2721
20100110,-1.3,-5,2.8,0,2721
20100111,-1.5,-5.1,2.1,0,2737
20100112,-5,-8.2,-1.7,0.4,2837
20100113,-8.3,-11.4,-4.6,0.7,2806
20100114,-6.4,-12.7,0,0.1,2887
20100115,-2.6,-7.9,3.9,0.1,2845
20100116,-4.1,-9.9,2.9,0,2845
20100117,-3.1,-9.8,4.9,0,2845
20100118,-0.4,-7.1,7.7,0,2852
20100119,3.6,-4.6,11,0.3,2852
20100120,8,4.9,11.3,10.8,2852
20100121,1.3,-3.6,7.9,3.1,3003
20100122,-3.1,-5.7,0.8,0,3056
20100123,-2.7,-6.6,2,0.1,3056
20100124,0.4,-5.5,5.8,0,3056
20100125,0.8,-4.3,5.4,0,3019
20100126,-2.3,-7.7,4.3,0,3021
20100127,1.3,-5.9,7.4,6.5,3035
20100128,3.5,-0.7,7.4,0.1,2940
20100129,0.2,-4.3,5,0,3061
20100130,1.9,-3.3,7.5,0,3061
20100131,3,-1.3,9.4,0,3061
20100201,2.2,-1,6.8,0.2,3011
20100202,-2,-5.5,1.8,0,3011
20100203,-4.9,-8.6,-0.3,0,2969
20100204,-2.9,-8.4,2.2,0.1,2973
20100205,-1.8,-5.9,3,0,3071
20100206,-2.6,-8.5,4.7,0,3071
20100207,1.2,-8.3,8.6,0.1,3071
20100208,4.9,2.8,7.3,2.7,3079
20100209,5.6,3.6,7.8,6.9,3065
20100210,5.1,4,6.5,9,3058
20100211,2.4,0.7,5.2,17.3,3175
20100212,0.7,-0.6,2.7,3.1,3152
20100213,-0.7,-3.3,2.2,1.9,3152
20100214,-1.2,-4.9,2.5,0,3152
20100215,-0.5,-4.4,5,0.1,3152
20100216,-1.6,-5,3.2,0.6,3019
20100217,-1.2,-6.1,3.6,0.4,3109
20100218,-1.1,-4.8,2.4,0.5,3125
20100219,-0.6,-6.1,5.4,0.1,3125
20100220,2.2,-4.2,9.7,0,3125
20100221,3.7,-3.4,11.6,0,3125
20100222,5.2,-0.8,12.8,0,3042
20100223,6.4,-1.2,16.4,0,3057
20100224,11.2,1.2,18.9,0,3058
20100225,13.4,10.3,16.4,33.4,3015
20100226,9.4,6,13.5,4.1,3032
20100227,6.3,3.8,9.2,1.5,3032
20100228,7.1,3,12.6,0.1,3032
20100301,5.4,3.4,8,15.6,3032
20100302,4.2,1.8,6.9,0.3,2957
20100303,5.2,-0.4,10.5,0,2895
20100304,5.9,4.4,7.2,3.9,2938
20100305,6.9,5,9.4,3.8,3009
20100306,5.5,3.1,8.1,3.3,3009
20100307,4.2,2.3,7,0.9,3009
20100308,3.8,0.1,7.6,0.9,3045
20100309,2.3,-0.8,5.8,5.7,3018
20100310,-0.3,-2.9,2.6,3.9,3018
20100311,3,-2.8,8.4,0,2862
20100312,8.3,1.7,14.5,0,2862
20100313,6.1,1.6,12.5,0,2862
20100314,8,1,12.9,1.1,2862
20100315,9.4,4.5,14.4,16.5,3004
20100316,3.2,-0.4,7.2,0,3138
20100317,2.4,-2.7,7.3,1.1,3198
20100318,2.1,-1.8,6.5,2.3,3098
20100319,6,-3.5,13.9,0,3098
20100320,10.9,5.1,18.5,1,3098
20100321,4.7,1,9.3,0,3098
20100322,4.4,0.4,8,2,3098
20100323,7,3.3,11.4,2.4,3048
20100324,8.3,3.9,13.1,0.1,3048
20100325,5.1,1.4,8.5,4.6,3232
20100326,3.2,-2,8,0,3232
20100327,5.6,0.5,10,0.9,3232
20100328,6.2,1.7,11.4,0,3232
20100329,5.6,-1.3,12.9,0,3164
20100330,7.8,1,13.6,0,3136
20100331,8.8,6.3,10.9,18.8,3105
20100401,8.9,5.1,11.6,15.8,3136
20100402,7.3,1.3,12.7,0,3099
20100403,6.2,0.8,12.4,0,3099
20100404,8.4,-0.5,16.6,0,3099
20100405,11.9,4.9,19,0,3064
20100406,10,5.1,15.2,0.1,3078
20100407,6.9,1.4,12.9,0.1,3088
20100408,8.5,0,16.5,0,3121
20100409,11.5,4.6,19.5,0,3141
20100410,12.2,6.9,17.7,0.1,3141
20100411,12.3,7.9,17,0.9,3141
20100412,11.8,9.2,15.9,3.8,3124
20100413,6.9,3,11.3,1.6,3124
20100414,4.4,0.9,8.9,0.7,3146
20100415,6.2,-0.2,12.5,0,3189
20100416,7.4,0.2,14.4,0,3189
20100417,8.8,0.8,16.5,0,3189
20100418,10.9,3.8,16.3,0.2,3189
20100419,14.2,10.1,18.4,5.5,3446
20100420,15.6,10.2,22.5,0.2,3482
20100421,12.4,8.7,16.6,8,3503
20100422,9.9,7.9,12.3,13.9,3400
20100423,9.6,6.2,14.5,2,3394
20100424,10.5,4,17.6,0,3394
20100425,12.7,3.8,20.9,0,3394
20100426,12.4,9,17.5,23.7,3359
20100427,10.2,5.6,14.7,4.2,3340
20100428,6.3,3.2,10,7.8,3341
20100429,10.2,5.2,15,0.5,3407
20100430,11.4,5.7,16.8,0,3407
20100501,12.5,4.3,19.9,0,3407
20100502,16.8,7.3,25.1,0,3407
20100503,20,13.7,25.8,0,3364
20100504,20.8,15,27.1,0,3364
20100505,20.2,14,25.7,0.4,3364
20100506,17.6,11.6,23.6,5.2,3389
20100507,16.7,9.9,23.9,0,3428
20100508,17.2,9.3,24.8,0,3428
20100509,18.1,11.6,25.3,0,3428
20100510,16.6,12.4,22,0.1,3581
20100511,13.9,8.5,20.3,0.8,3688
20100512,13.8,7.9,20.4,0,3731
20100513,14.5,8.2,21.2,0,3523
20100514,15.9,8.7,23.1,0,3505
20100515,16,9.8,22.5,0,3505
20100516,18.3,10.2,26.5,0,3505
20100517,19.4,11.5,26.9,5.8,3506
20100518,18,16.4,19.7,51.4,3506
20100519,19.3,15.1,24.6,2.4,3506
20100520,20.6,13.9,28.2,0,3459
20100521,21.7,13.8,30.2,0,3459
20100522,17.8,14.7,22.6,24.2,3459
20100523,15.8,14.3,17.5,26.8,3459
20100524,15,13.5,17.3,4.8,3549
20100525,15.2,12.9,18.4,1.9,3549
20100526,16.3,11.9,21.4,0.2,3511
20100527,16,10.2,22.4,0,3517
20100528,15.5,11.3,20,0,3481
20100529,17.3,12.7,23.5,0,3481
20100530,16.8,11.5,22.9,0,3481
20100531,16.1,11.6,21.5,0.1,3481
20100601,16.4,9.7,23.1,0,3467
20100602,18.4,11,25.5,0,3467
20100603,20.5,13.5,27.6,0,3461
20100604,21.5,14.8,28.7,0,3339
20100605,22,15.3,29.6,0.5,3339
20100606,22.1,16.1,29.7,1.6,3339
20100607,21.7,16.3,28.3,0.6,3304
20100608,21.4,14.9,28.1,0,3304
20100609,22.4,14.8,30,0,3283
20100610,22.6,15.8,30,0,3196
20100611,22.3,16,28.6,0.8,3224
20100612,20.3,17.6,23.3,11.9,3224
20100613,22.7,19,27.7,2.9,3224
20100614,23,18.8,28.1,2.8,3310
20100615,23,19.4,28.7,2.3,3255
20100616,23.4,18.6,29.3,0.2,3255
20100617,24.5,19.5,30.1,0,3089
20100618,23.8,20.7,27.9,1.8,3089
20100619,22.9,20.2,27.1,2.3,3089
20100620,23.4,20.1,28.1,4.6,3089
20100621,23.1,18.8,28.6,0,3160
20100622,23,17,29.3,0,3160
20100623,22.5,17.4,28.4,0,3160
20100624,23.1,16.5,29.9,0,3366
20100625,23.7,18.6,29.6,0.8,3535
20100626,22.6,20.4,25.1,11.4,3535
20100627,22.7,20.6,25.5,3.9,3535
20100628,23.2,20,27.9,9.2,3513
20100629,24.2,20.1,29.4,0.1,3455
20100630,24.1,21.3,28.1,3.7,3380
20100701,24.8,21.8,28.8,5,3344
20100702,24.3,23,26.2,17.1,3361
20100703,24.8,22.8,27.9,6.1,3361
20100704,24.2,22.3,27.1,1.4,3361
20100705,25.3,22.1,30.1,1,3417
20100706,25.8,21.3,31.6,0.4,3371
20100707,24.7,20.7,29.8,1.1,3290
20100708,23.7,20.1,28.4,0.7,3097
20100709,24.5,20.4,30.2,0.8,3090
20100710,24.6,20.4,29.3,4.6,3090
20100711,22.1,20.6,24.5,57.6,3090
20100712,23.2,20.1,26.7,0.6,3104
20100713,23.2,20.3,27,11.3,3076
20100714,23.9,20,28.7,0.1,3074
20100715,24.4,20.5,29.3,0.9,3057
20100716,24.1,22,27.1,54.1,3058
20100717,25.1,23.2,27.8,36.6,3058
20100718,26.8,23.5,30.8,1.1,3058
20100719,27.1,23.4,31.9,0.7,3102
20100720,27.5,23.6,32,0.5,3043
20100721,27.7,24.1,32,2.2,3011
20100722,27.9,24.4,32.4,0.2,3152
20100723,26.2,23.1,30.9,21.3,3152
20100724,26,22.9,30.9,6.7,3152
20100725,26,22.8,31.1,5.6,3152
20100726,26.3,23.1,31.1,1.9,3167
20100727,26.7,22.9,31.9,3.2,3167
20100728,25.2,22.5,28.5,14.4,3171
20100729,26.5,23.4,30.9,0.7,3324
20100730,27,24.1,30.9,0.1,3369
20100731,27.8,24.3,31.7,0,3369
20100801,28.5,25.2,33,0,3369
20100802,27.3,24.2,31.8,4.4,3269
20100803,26.2,23.5,29.9,1.8,3320
20100804,28.2,24.5,32.9,1.9,3364
20100805,28.8,25.2,33.4,2.6,3337
20100806,27.9,25.5,32.2,9.1,3223
20100807,26.9,24,31.7,8.4,3223
20100808,27,23.1,32.3,1.9,3223
20100809,27.9,22.8,33.3,1.3,3169
20100810,26.3,24.5,29.5,43.3,3169
20100811,26.8,24.3,30.4,32.4,3190
20100812,26.3,22.9,30.4,3.1,3155
20100813,26.2,23.6,29.8,38,3155
20100814,27.1,24.8,30,14,3155
20100815,27,24.7,30.1,38.2,3155
20100816,25.4,22.8,29.2,20.6,3081
20100817,25.8,22.3,30.7,16.9,3115
20100818,26.7,23.2,31.8,14.4,3181
20100819,27.6,24,32.4,0.4,3028
20100820,28.1,24.2,33.3,0.2,2942
20100821,28.5,24.3,33.9,0,2942
20100822,28.5,24.3,33.6,0.2,2942
20100823,27.7,24.4,32.1,6,2942
20100824,26.5,23.6,31,6.8,3014
20100825,24.4,22.4,28.1,19.3,3078
20100826,25.5,22.6,29.4,12.7,3378
20100827,26,23,29.9,6,3378
20100828,26.2,24,28.8,18.3,3378
20100829,25.8,23.5,29.3,29.3,3378
20100830,25.9,23.5,30,4.7,3311
20100831,25.4,23,29.9,17,3306
20100901,26.6,23,31.7,14.8,3449
20100902,26,23.5,29.8,26.7,3633
20100903,26.8,23.4,31.7,3.4,3647
20100904,26.9,23,32.1,0.1,3647
20100905,26.6,23.2,32.3,10.3,3647
20100906,24.5,22.9,26.9,21.5,3698
20100907,23.9,21.6,27.1,18.6,3698
20100908,22.1,19.9,25.2,0.2,3668
20100909,22.6,19.3,26.3,12.4,3560
20100910,25.1,21.5,29.8,17.4,3508
20100911,24.2,22.6,26.5,42.6,3508
20100912,23.4,20.3,27.3,34.2,3508
20100913,22.7,19,28,0.2,3442
20100914,22.6,18.8,28,0.2,3406
20100915,22.3,17.6,28.5,0.5,3436
20100916,22.3,16.9,29.5,0,3379
20100917,22.8,17.3,30,0,3379
20100918,23.3,18.1,30.1,0,3379
20100919,21.9,18.2,26.4,6.1,3379
20100920,23.2,20.2,27.3,7.4,3413
20100921,24.9,20.6,29.7,30.1,3413
20100922,18.5,16.1,23.2,9.7,3413
20100923,17.7,13.6,23.3,0.2,3413
20100924,17.3,12.1,23.9,0,3359
20100925,17.3,12.3,23.7,0,3359
20100926,17,13.1,22.6,0.1,3359
20100927,17.5,13.1,23.7,0.6,3264
20100928,16.3,10.6,21.7,0.5,3235
20100929,14.1,9.2,19.9,0,3267
20100930,14.8,9.4,22.3,0,3231
20101001,15.6,9.2,23.2,0,3160
20101002,17.8,12.3,22.6,12.9,3160
20101003,19,15.3,23.5,6.7,3160
20101004,15.6,13.1,19,2.3,3335
20101005,15.4,11.4,20.5,0.1,3258
20101006,15.7,10.4,22.8,0,3258
20101007,16.9,11.3,24.1,0,3243
20101008,17.7,14.1,22.7,3.9,3197
20101009,18.1,14.4,23.7,0.7,3197
20101010,17.6,13,24.6,0,3197
20101011,17.1,12.5,22.5,0.1,3160
20101012,17.3,13.3,22.9,0,3128
20101013,16.2,12.7,20.8,0.3,3128
20101014,15.8,11.4,20.9,0,2993
20101015,13.9,9.1,19.1,0,2971
20101016,14.5,8.2,21.9,0,2971
20101017,14.7,9.2,22.2,0.1,2971
20101018,14.2,8.9,21.7,0.1,3096
20101019,15.1,9.4,22.7,0,2948
20101020,15.3,10.5,21.9,0,3948
20101021,15.5,10.8,21.3,1.1,3282
20101022,15.5,10.8,22.1,0,3590
20101023,15.2,9.9,20.8,0.3,3590
20101024,16.1,13.5,20.5,8.1,3590
20101025,13.1,7.8,17.9,0.3,3256
20101026,5.3,0.8,9.8,0,3014
20101027,6.7,-0.5,13.3,0,3177
20101028,7.6,1.8,14.7,0,3353
20101029,9.1,1.3,17.3,0,3473
20101030,11.3,5.7,18.2,0,3473
20101031,11.3,5.8,17.9,0.6,3473
20101101,11.4,5.7,17.6,0,3671
20101102,8,3.1,12.6,0,3707
20101103,6.9,0.2,14,0,3640
20101104,9.1,2.5,16.9,0,3690
20101105,10.2,4.6,17.7,0,3690
20101106,10.7,5.2,18.1,0,3690
20101107,10.8,5.7,17.8,0.4,3690
20101108,9.4,4.5,14,1.5,3590
20101109,6.1,3.3,9.9,0.1,3691
20101110,5.8,0.2,12.3,0,3691
20101111,9.9,1.6,16.5,5.5,3457
20101112,10.2,4.3,15.3,0.3,3298
20101113,8.9,1.8,16.3,0,3298
20101114,9.2,5.2,14.4,0,3298
20101115,4.1,-0.9,8.8,0,3298
20101116,3.4,-2.7,10.6,0,3382
20101117,5.3,-0.1,12.6,0,3382
20101118,5.1,-0.6,13.4,0,3657
20101119,4.6,-0.9,12.2,0,3740
20101120,6.8,0,16,0,3740
20101121,9.5,2.4,17.3,0,3740
20101122,8.6,2.1,14.3,1.3,3489
20101123,5.6,-1.5,13.2,0,3628
20101124,7.4,1.6,13.8,0,3628
20101125,5.6,1.1,10.4,0,3581
20101126,1.8,-2.7,7.6,0,3581
20101127,3.3,-3.3,10.8,1.3,3581
20101128,1.2,-3.1,5.8,0.2,3581
20101129,4.7,-1.5,11.9,0.9,3815
20101130,7.8,2.3,15.1,0.6,3773
20101201,7.2,2.1,15.3,0,3728
20101202,8.2,3.6,13.2,1.2,3723
20101203,3.8,-0.4,10,0.6,3705
20101204,3.4,-2.7,10.2,0,3705
20101205,7.8,1.1,14.6,0,3705
20101206,6,0.3,12.1,1,3700
20101207,0.8,-2.7,6,0.3,3700
20101208,1.1,-3.5,5.9,2.1,3700
20101209,0.3,-3.8,5,0.1,3893
20101210,4,-5,11.4,0.5,3920
20101211,1.6,-4.7,9.8,0,3920
20101212,-0.8,-7.4,4.8,0.1,3920
20101213,3.7,0.9,5.8,11.9,4073
20101214,0.8,-5,5.7,0,4073
20101215,-6,-8.7,-2.4,0.1,4073
20101216,-5,-10,0,0,4073
20101217,0,-4.9,4.7,0.8,4073
20101218,1,-4.6,8.1,0,4073
20101219,5.5,-1.6,11.3,0,4073
20101220,4.8,-0.4,11.8,0,4028
20101221,3.6,-1.9,11,0,4098
20101222,3.7,-1.1,10.6,0,4148
20101223,1.8,-3.7,7.9,0,4064
20101224,-6.8,-9.5,-2.7,0,4064
20101225,-7.1,-11,-3.1,0.4,4064
20101226,-5.3,-9.6,-1,0.9,4064
20101227,-1.4,-6.6,3.6,0.6,3936
20101228,0.6,-3.4,4.7,3.8,3936
20101229,-2.2,-5.8,1.8,0.2,3936
20101230,-2.8,-6.4,1,4,4040
20101231,-6.1,-9.3,-2.3,1,4140
20110101,-5,-10.4,0.7,0.4,4140
20110102,-3.5,-9.5,3.6,0,4140
20110103,-3.3,-8.5,1.8,1.8,4171
20110104,-2,-6.8,2.2,0,4235
20110105,-0.7,-4,2.5,0,4297
20110106,-4.1,-7.3,-0.5,0.1,4662
20110107,-5.5,-10.8,0.6,0,4707
20110108,-2.6,-10,3.4,0,4707
20110109,-2.9,-8.2,1.4,0,4707
20110110,-6.6,-11.8,-0.8,0,4536
20110111,-3.6,-9.5,1.5,0.4,4662
20110112,-5.1,-9.2,-1.1,0,4662
20110113,-5.6,-11.6,1.4,0,4280
20110114,-2.7,-9.5,3.5,0.1,4435
20110115,-7.7,-13,-1.8,0.2,4435
20110116,-10.1,-14.8,-5.2,0.1,4435
20110117,-7.1,-13.2,-0.6,0,4435
20110118,-5,-10.6,0.5,0,4435
20110119,-4.2,-8.6,0.8,0,4480
20110120,-5.4,-9.3,-0.9,0,4480
20110121,-5,-9.6,0.8,0,4480
20110122,-3.2,-8.9,3,0,4480
20110123,-2.1,-6.6,2.7,1.4,4480
20110124,-4.7,-8.2,-1.4,0.3,4430
20110125,-6,-10.7,-0.3,0,4480
20110126,-5.9,-10.5,-0.4,0,4480
20110127,-5.8,-10.5,-0.5,0,4530
20110128,-4.5,-8.2,0.4,0,4490
20110129,-6.5,-10.5,-2,0.2,4490
20110130,-7.3,-11.8,-2.8,0.2,4490
20110131,-4.8,-11.9,1.3,0,4471
20110201,-0.2,-6.7,7.2,0,4471
20110202,1.5,-3.9,8.9,0,4471
20110203,1,-5.2,8.7,0,4471
20110204,1.9,-3.7,8.8,0,4471
20110205,1.4,-3.4,8.5,0,4471
20110206,2.5,-3.3,8.6,0,4471
20110207,2,-2.9,7.6,0,4213
20110208,2.6,-0.7,6.3,1.3,4213
20110209,0.8,-2.9,5.5,0,4490
20110210,-1,-4.6,3.1,0.3,4324
20110211,-0.8,-4.8,4,4.5,4243
20110212,-3.5,-7.2,0.7,1.9,4243
20110213,-3.7,-9.8,2.5,0,4243
20110214,-2.4,-5.5,0.9,3.4,4302
20110215,-1.3,-7.3,5.6,0,4302
20110216,0.8,-6.3,7.7,1.5,4302
20110217,1.6,-0.8,4.4,3.8,4380
20110218,1.3,-3.9,8.1,0,4380
20110219,2.3,-3.8,9.7,0,4380
20110220,4.1,-2.8,11.9,0,4380
20110221,4.2,-1.4,11.6,0,4380
20110222,4,-2.6,12.4,0,4160
20110223,4.8,-2,13.7,0,4300
20110224,7.4,-0.4,16,0,4344
20110225,4.8,-0.8,10.7,0,4344
20110226,5.5,-2.7,12.8,0.1,4344
20110227,6.1,4.1,8.6,43,4344
20110228,4.9,3.4,7.2,3.8,4340
20110301,2.5,-0.4,5.6,3.2,4340
20110302,0,-3.3,4.3,0,4436
20110303,-0.8,-5.4,4.1,0,4005
20110304,0.7,-4.6,6.8,0,4100
20110305,2.5,-3.8,9,0,4100
20110306,4.9,-0.6,10.8,0,4100
20110307,3.5,-0.1,7.6,0,3967
20110308,3,-2.9,9,0,3967
20110309,2,-2,6.7,0,3843
20110310,2.7,-3.5,8.6,0,3152
20110311,5,-1.5,12,0,3553
20110312,7.6,0.4,15.4,0,3553
20110313,9.8,2.4,18.1,0,3553
20110314,9.1,3.9,16.1,0,3945
20110315,4.1,-0.6,8.9,0,3798
20110316,1.3,-2.4,5.9,0,3880
20110317,2.1,-3.5,8.4,0,4132
20110318,5.8,-3.6,13.8,0,4165
20110319,10.5,4.3,16.4,0,4165
20110320,7.1,4.5,11.3,15.2,4165
20110321,7.9,4.1,13.1,0.6,4223
20110322,3.6,0.1,7.7,0.4,4223
20110323,2.8,-3,8.7,0,4170
20110324,4.8,-0.4,10.6,2.8,4267
20110325,3.1,-0.5,7.1,0.3,4240
20110326,3.2,-2.9,9.3,0,4240
20110327,5.5,-2.5,11.9,0,4240
20110328,6.2,1,11.9,0.4,4420
20110329,5.1,-1.2,11.2,0,4406
20110330,7.9,0.4,15.7,0,4168
20110331,9.7,1.6,19,0,3968
20110401,10.9,1.5,19.8,0,3968
20110402,8.9,4.7,14,0.1,3968
20110403,7.2,2.8,12.1,2.6,3968
20110404,7.8,1.1,15.3,0,3840
20110405,9.1,0.5,18.2,0,3936
20110406,11,1.3,18.9,0.7,4078
20110407,11.7,9.1,14.4,17.1,4389
20110408,11.7,7.1,17.4,3.3,4389
20110409,10.5,3.4,18.1,0,4389
20110410,12.3,4.5,19.9,0.5,4389
20110411,10.1,5.1,15.4,2.7,4389
20110412,10.2,1.4,18.3,0,4389
20110413,12.1,3.6,20.2,0,4389
20110414,13.2,4.3,21.2,0,4168
20110415,16.2,9.8,23.5,0.1,4151
20110416,11.5,6.1,18.8,0.1,4151
20110417,11.3,4,18.7,0,4151
20110418,7.9,5.1,11.8,2.7,4151
20110419,9.2,4.2,15.1,0.7,4151
20110420,10.8,2.8,18.5,0,4151
20110421,13.4,5.4,20.3,0,4218
20110422,10.7,8.7,13.9,26.8,4242
20110423,10.7,6.3,15.8,0,4242
20110424,10.4,5,16,0.4,4242
20110425,12.9,6.3,18.8,0.3,4242
20110426,12.4,9.8,15.3,11.9,4242
20110427,12.1,8.2,16.8,2.4,4242
20110428,10.2,5.9,15.4,0.7,4100
20110429,13.3,4.1,19.9,0.6,4100
20110430,17,13.3,21.3,37.3,4100
20110501,15.1,11.2,18.7,2.3,4100
20110502,15.3,9.5,21.9,0,4100
20110503,16,10.8,22.5,0,4100
20110504,14.4,7.4,21.3,0,4100
20110505,15.1,8.5,21.8,0,4100
20110506,14.9,9.5,19.3,1.1,4100
20110507,17.9,13.7,24.2,1.2,4100
20110508,18.4,12.3,25.5,0,4100
20110509,19.7,14.1,24.6,5.7,4100
20110510,18.5,15.2,22.6,41.3,4100
20110511,15.8,14,18.1,46.4,4100
20110512,15.1,11.6,19.3,2.9,4100
20110513,16.2,10,22.2,0,4100
20110514,17.6,11.1,24.3,0,4100
20110515,17.7,9.3,25.6,0,4100
20110516,16.6,11.2,22.5,0,4049
20110517,16.2,8.6,23.5,0,4049
20110518,18.9,10.4,26.1,0,4049
20110519,20.4,15,25.8,0.1,4307
20110520,20.2,16.4,24.5,3.3,4172
20110521,17.5,14.3,22.1,4.4,4172
20110522,16.9,13,22.1,1.8,4172
20110523,15.7,12,20.4,3.5,4172
20110524,18,9.8,26.1,0,4260
20110525,18.8,13.2,24.8,0,4225
20110526,16.3,14.3,19,6.2,4420
20110527,16.7,14,20.1,0.7,4453
20110528,18.6,13.5,24.9,0,4453
20110529,19.5,13.9,26.1,0,4453
20110530,19,13.6,25.2,0,4253
20110531,17.2,15.3,20,2,4298
20110601,17.6,14.5,22.2,11.6,4328
20110602,18.5,14.7,24.3,0,4168
20110603,19.6,14.2,26.1,0,4058
20110604,20.8,16.5,26,0.1,4058
20110605,21.5,16.1,28.3,0,4058
20110606,21.3,14.6,27.8,0,4058
20110607,21.5,15.1,28.3,0,3702
20110608,22.1,15.7,28.8,0.4,3509
20110609,21.2,17.3,25.6,0.3,3354
20110610,21.2,17.7,25.1,2.8,3315
20110611,22.9,17,29.6,1.4,3315
20110612,22.2,17.6,28.3,0.8,3315
20110613,20.7,16.8,25.8,0.1,3392
20110614,21.3,15.8,27.4,0,3293
20110615,21.7,17,27.2,0.1,3293
20110616,22.6,17.2,28.5,0,3871
20110617,22,16.6,28.1,0,3773
20110618,22.3,18.2,27.3,1.5,3773
20110619,23.1,17.1,29.5,0,3773
20110620,23.3,17.5,29.9,0.8,3849
20110621,24.8,18.5,31.5,0.1,3797
20110622,23.8,20.9,27.3,22.1,3797
20110623,25.2,22.5,28.4,21.6,3534
20110624,22.1,19.8,25.5,52.1,3380
20110625,19.7,18.4,21.8,54.1,3380
20110626,20.6,18.3,23.2,48.3,3380
20110627,21.7,18.6,25.2,3.4,3503
20110628,23.8,18.4,29.6,4.7,3545
20110629,24.7,21.8,28.8,34,3609
20110630,24.6,21.9,28.2,19.4,3971
20110701,25.1,21.9,29.6,0.8,3987
20110702,26,22.2,30.7,2.1,3987
20110703,24.2,22.1,26.5,49.1,3987
20110704,24.3,20.5,29,9,4041
20110705,24.2,19,30.4,0,4044
20110706,22.8,19.5,27,4.2,4044
20110707,23.2,20.9,25.7,21.8,3869
20110708,24.4,22.5,27.3,22.6,3891
20110709,23.2,21.2,26.1,84.4,3891
20110710,23.2,21,26.6,57.2,3891
20110711,23.2,20.7,27,20.6,3962
20110712,24,21.8,26.8,30.7,4002
20110713,24.9,22.8,27.2,8.9,4075
20110714,25.3,23.3,28.6,20.4,4144
20110715,26.1,23.2,30.1,6.8,4067
20110716,26.2,22.8,30.5,9.3,4067
20110717,26.4,22.6,31.4,2.9,4067
20110718,27.1,22.8,32,0.1,4068
20110719,27.5,23.7,31.8,0.7,3998
20110720,26.7,22.4,31.8,0,4217
20110721,24.4,20.8,28.9,1.4,4103
20110722,23,20.1,26.6,3.6,4313
20110723,24.5,21.4,29.1,2.1,4313
20110724,23.9,22.1,27,14.1,4313
20110725,24.6,21.6,28.6,6,4158
20110726,26,22.6,29.8,17.5,4185
20110727,26.2,24,29,55.6,4060
20110728,26.9,24,30.7,12.1,4249
20110729,26.9,23.9,31.4,7.7,4249
20110730,26.4,23.7,30.6,6.5,4249
20110731,25.7,23.2,29.2,13.3,4249
20110801,25.2,23.3,28.2,33.6,3852
20110802,25.5,23.3,28.8,13,3641
20110803,26.3,23.4,30.6,9.3,3771
20110804,26.9,23.4,31.8,2.9,3525
20110805,27.9,23.3,33.2,0.1,3509
20110806,27.4,24.1,31.8,2.5,3509
20110807,27.5,24.4,30.8,32.9,3509
20110808,26.6,23.9,29.9,28.8,3471
20110809,25.1,23.3,27.5,35.9,3522
20110810,26,23.9,29.3,11.9,3522
20110811,27,24.1,31.5,5.9,4009
20110812,26.3,23.9,30.2,15.6,3843
20110813,26,23.5,29.7,6.4,3843
20110814,26.1,23.5,30.6,4.4,3843
20110815,26.2,23.3,30.1,1.7,3843
20110816,26.5,23.7,30.6,12.6,4138
20110817,25.3,23.6,28.1,25.6,4138
20110818,24.7,22.2,28.7,5.6,4231
20110819,22.9,20.7,25.5,3.5,4196
20110820,21.1,19.1,23.7,15,4196
20110821,22.5,18.3,27.9,2.9,4196
20110822,21.7,18.6,25.7,2,4231
20110823,21.7,17.9,25.7,3.3,3819
20110824,22.4,19.4,25.9,2,4013
20110825,23.4,20.1,27.5,0.4,4060
20110826,23.9,21,27.7,1.4,3936
20110827,25,21.8,29.5,0.8,3936
20110828,25.2,21.3,30.2,0,3936
20110829,25.8,21.9,31,1.4,3943
20110830,25.7,22.4,30.9,0.7,3943
20110831,26,22.1,31.8,0,3943
20110901,25.8,21.1,32.1,0,4153
20110902,25.2,20.6,30.3,0.5,4109
20110903,24.7,20.9,29.5,0.2,4109
20110904,23.3,19.4,28.3,2.1,4109
20110905,22.4,18.3,28.1,1.9,4103
20110906,21.8,16.7,28.3,0.1,4103
20110907,21.3,14.8,27.9,0,3978
20110908,21.8,18.7,25.8,0.1,4140
20110909,20.8,18.8,23.9,1.6,4086
20110910,19.8,18.1,22.1,16.2,4086
20110911,21.6,19.1,24.6,24.5,4086
20110912,23.7,21.1,28.2,4,4086
20110913,24.5,21.3,29.5,0.1,4086
20110914,24.9,21.3,30.5,0,4136
20110915,24.8,20.4,31.1,0,4209
20110916,25.2,20.6,31.5,0,4209
20110917,24.8,21,30,3.3,4209
20110918,21.6,19,25.3,3.6,4209
20110919,18,15.7,20.5,0.6,4176
20110920,17.4,13.5,21.5,0.1,4397
20110921,17.3,12.1,23.2,0,4372
20110922,16.7,10.4,24,0,4197
20110923,17.5,11.1,25.3,0,4113
20110924,18.1,11.9,25.5,0,4113
20110925,18.4,12.5,25.8,0,4113
20110926,18.4,12.2,26.5,0,4097
20110927,18.4,11.2,26.4,0,4039
20110928,18.5,13.7,23.5,0,4039
20110929,17.9,16,20.2,12.4,3823
20110930,16.9,11.8,21.5,0.2,3787
20111001,13.4,8.7,19.3,0,3787
20111002,12.9,8.2,18.7,0,3787
20111003,12.3,6,20.1,0,3787
20111004,13.9,6.5,21.9,0,3707
20111005,15.6,11,22.5,0,3801
20111006,15.6,9.9,22.3,0,3221
20111007,14.1,7.9,21.7,0,3267
20111008,14.5,8.2,22.7,0,3267
20111009,15.5,9.1,23.1,0,3267
20111010,16.5,10.5,24.5,0,3572
20111011,16.1,10.8,23.8,0,3498
20111012,15,8.5,21.5,0,3478
20111013,16.7,10.9,24.6,0,3401
20111014,14.4,12.4,16.1,9.8,3815
20111015,15.7,11.8,20.6,5.3,3815
20111016,15.5,10.8,20.4,0.4,3815
20111017,13,7.2,19.1,0,3879
20111018,9.8,3.3,17.9,0,4275
20111019,12.3,4.1,21.1,0,4433
20111020,15,9.1,21.4,0,4196
20111021,15.9,11.5,20.1,9.1,4158
20111022,15.2,11.9,19,22,4158
20111023,14.7,10.1,19.7,0,4158
20111024,14.2,11,17,1.9,4063
20111025,8.6,3.8,13.5,0,4173
20111026,8,1,16.5,0,4279
20111027,10.8,3.5,19.4,0,4196
20111028,13,7.7,20.2,0,4222
20111029,13.3,10,17.1,2.3,4222
20111030,14.1,9.8,19.6,0.3,4222
20111031,13.2,7.3,21.2,0,4010
20111101,14.9,8.1,22.3,0,3990
20111102,16.3,12.5,22.1,0.1,4086
20111103,17.2,12.1,23.8,0,4131
20111104,18.7,14,23.8,2.3,4126
20111105,18.9,16.2,23.4,21.1,4126
20111106,16.2,14.5,19,9,4126
20111107,15.5,13.3,19.2,0.3,3694
20111108,14.3,11.8,17.6,1.1,3528
20111109,13.7,11.4,16.6,0.8,3597
20111110,13.4,10.1,16.9,0.1,3823
20111111,12.4,9.3,16.6,1.9,3764
20111112,11.7,7.7,17,0,3764
20111113,11.7,7.5,17,0,3764
20111114,8,3.5,13.5,0,3828
20111115,7,1.7,14,0,3909
20111116,9.1,1.7,17,0,3784
20111117,11.9,6.8,15.7,1,4008
20111118,14.5,11.4,17.5,20.6,4090
20111119,13.2,7.6,18.1,6.3,4090
20111120,3.9,0.9,7.7,0,4090
20111121,2.7,-1.8,8.4,0,4080
20111122,5,-1.1,9.2,0.2,3956
20111123,5.5,1.9,10.4,5.2,3974
20111124,1.9,-1.7,5.9,0,3943
20111125,2.9,-1.8,9.3,0,3911
20111126,5.9,-0.9,12.5,0,3911
20111127,10.7,5.2,17.5,0.1,3911
20111128,12,7.8,18.2,0.4,3844
20111129,11.8,8.2,16.6,2.4,3981
20111130,8,5,11.5,29.7,4105
20111201,6,4.3,8.2,1.6,4105
20111202,6.5,3,9.4,2.6,3876
20111203,6.3,3.2,9.6,7,3876
20111204,4.9,0.9,9,0,3876
20111205,2.8,-1.7,8.2,0,3889
20111206,4.6,1.6,9.2,0.2,3961
20111207,5.7,2.4,9.1,0,3961
20111208,3.3,-0.5,7.4,1.7,4183
20111209,-0.6,-3,2.7,1.5,4024
20111210,-0.5,-4.7,3.4,0.5,4024
20111211,3.5,-0.5,7,0,4024
20111212,4.4,-0.5,9.5,0,4036
20111213,2.2,-3.4,9.8,0,3858
20111214,3.9,-2.8,10,0,3853
20111215,0.1,-3.9,5.3,0,3466
20111216,-3.7,-6.4,-0.3,0.5,3655
20111217,-3.4,-8.1,1.5,0,3655
20111218,-0.6,-4.9,4.3,0,3655
20111219,-1.1,-6,4.7,0,3858
20111220,-0.2,-5.8,5.5,0,3858
20111221,2.4,-1.9,6.7,0.1,3858
20111222,-1.6,-6.6,3.5,0.1,3975
20111223,-4.4,-9.3,1,0.3,3870
20111224,-3.1,-7.2,1.2,0.8,3870
20111225,-4.1,-7.9,0,0.1,3870
20111226,-4.8,-9,0.2,0,3745
20111227,-3.3,-9.1,3.8,0,3745
20111228,-0.5,-6.3,5.9,0.1,3744
20111229,0.2,-4.5,5.4,0.3,3480
20111230,-2.1,-6.7,4.6,0,3543
20111231,-1.2,-7.1,3.8,0,3543
20120101,-0.3,-4.7,3.8,0.4,3543
20120102,-2.8,-7.5,2.6,0,3715
20120103,-1.9,-5.8,2.8,0.7,3679
20120104,-4,-6.6,-1,0.8,3496
20120105,-4.1,-8.7,1.5,0,3453
20120106,-2.6,-7.8,3.7,0,3467
20120107,-3.3,-9,4.1,0,3467
20120108,-1.9,-8.2,4.7,0,3467
20120109,0.1,-4,4.9,0,3630
20120110,0,-3.7,4.5,0,3654
20120111,-3,-7.6,0.7,0,3754
20120112,-3.4,-9.6,2.2,0,3474
20120113,-0.2,-4.8,5.3,0,3235
20120114,-1,-6.6,4.9,0,3235
20120115,-0.6,-3.9,3.8,0,3235
20120116,1.2,-4,7.3,2,3172
20120117,2.8,-1.2,8.6,0.2,3311
20120118,2.4,-1.8,7.3,0.4,3318
20120119,4.8,1.7,7.4,5.9,3495
20120120,5.9,3.5,8.9,1.4,3562
20120121,3.8,1.4,6.7,1.5,3562
20120122,-1.7,-6.2,2.5,0,3562
20120123,-6.3,-9.6,-2.3,0,3562
20120124,-5.8,-10.6,-0.7,0.2,3562
20120125,-5.9,-9.7,-2,0.7,3389
20120126,-3.3,-10.9,3.2,0,3232
20120127,0.1,-4.9,6.1,0.1,3409
20120128,0.2,-3.8,5.7,0,3409
20120129,-0.9,-5.8,4.8,0,3409
20120130,-2.8,-7.1,2.4,0,3776
20120131,-2.3,-9.2,3.4,3.3,3775
20120201,-6.5,-10.6,-0.4,0.3,3333
20120202,-10.2,-13.9,-5.7,0.1,3362
20120203,-7,-13.7,-0.9,0,3267
20120204,-1.9,-7.5,4.1,0.1,3267
20120205,-0.6,-5.2,5.6,0,3267
20120206,1.2,-4.3,6.2,1.6,3318
20120207,-3.7,-8.5,3,0,3267
20120208,-6.3,-11.1,-1.6,0.4,3326
20120209,-3,-8.8,1.7,0.2,3373
20120210,-1.4,-6.2,3.7,0,3334
20120211,-2.4,-8,3.6,0,3334
20120212,0,-7.2,6.7,0,3334
20120213,2.3,-0.9,6.5,0.5,3245
20120214,3.4,-0.8,9,3.4,3318
20120215,2.1,-1,7,0,3412
20120216,0.3,-3.7,4.9,0,3268
20120217,-3.6,-6.5,0.1,0.1,3294
20120218,-4.8,-9,-0.3,0.1,3294
20120219,-3.3,-9.1,2.7,0,3294
20120220,-0.6,-8.4,7,0,3178
20120221,0.8,-4.5,6.3,0.7,3169
20120222,4.4,-2.2,10.7,0,3150
20120223,5.7,1.1,10.8,0,2893
20120224,4.5,-0.4,9.4,0.3,2885
20120225,2.2,-0.5,5.3,1,2885
20120226,-0.1,-3.1,4.3,0.6,2885
20120227,-0.3,-6.4,6.8,0,2936
20120228,1.6,-4.3,7,0.6,3035
20120229,4.6,-2.2,12.1,0.1,2955
20120301,7.3,0.9,14.5,0,2955
20120302,5.8,4.1,7.9,2.1,3121
20120303,6.2,2.4,10.6,0.5,3121
20120304,5.6,2.7,8.4,4.4,3121
20120305,5.3,3.6,7,15.7,3153
20120306,4.9,2.3,7.9,3.6,3265
20120307,4.5,0.6,9.9,0,3263
20120308,3.9,-0.4,9.5,0,3100
20120309,3.9,-1.2,9.6,0.5,3271
20120310,4.5,0.7,9.6,0.1,3271
20120311,0.3,-2.8,3.4,0,3271
20120312,-0.3,-5,5.1,0,3183
20120313,1.6,-4.9,8.2,0,3236
20120314,4.5,-2.7,11,0,3183
20120315,6.1,-0.2,12.9,0,3012
20120316,7.2,3.4,11.2,5.4,3072
20120317,9.3,6.7,13.4,1.9,3072
20120318,7.3,2.6,12.4,1.2,3072
20120319,3.9,-0.8,9.5,0,3109
20120320,3.9,-1.9,10,0,3135
20120321,5.3,-2.2,12.7,0,3358
20120322,6.6,2.3,10.4,7.6,4046
20120323,6,3.7,8.3,19,4147
20120324,4.8,2.2,8.8,1.2,4147
20120325,4.4,1,8.8,0,4147
20120326,4.6,-1.3,10.8,0,4282
20120327,8.1,-0.7,15.6,0,4306
20120328,9.9,3.7,17.4,0,4227
20120329,11.9,1.8,18.9,0.6,4181
20120330,12,7.8,15.5,25,4284
20120331,7,2.8,11.8,0.1,4284
20120401,5.5,-0.2,11.7,0,4284
20120402,10.1,1.3,16.9,5.7,4149
20120403,6.7,2.8,13.3,24,4237
20120404,8.7,0.7,15.7,0,4337
20120405,8.3,3,14.2,0,4429
20120406,6.3,0.7,12.3,0,4429
20120407,6.8,0,13.8,0,4429
20120408,13.3,2.7,21,0,4429
20120409,16,10.7,22.4,0,4114
20120410,13.7,10.1,18,4.8,3729
20120411,12.5,7.8,17.6,2.2,3729
20120412,10.8,3.8,17.1,0,3398
20120413,10.5,7.4,14.7,0.7,3398
20120414,12.7,6.2,20.1,0,3398
20120415,14.7,7.6,23.3,0,3398
20120416,13.3,6.9,21.1,0,3398
20120417,11.9,4.8,19.2,0,3418
20120418,13.5,5.7,21.2,0,3298
20120419,13.6,8.6,19.2,1.9,3298
20120420,15,11.5,19.6,0.7,3314
20120421,12.6,10.7,15,57.6,3314
20120422,12.4,9.5,16.4,4.1,3314
20120423,15.7,8.8,22.8,0.1,3398
20120424,19,11.1,27.2,0,3398
20120425,14.7,11.4,18.9,28.6,3387
20120426,13.1,8.2,18.1,0.5,3378
20120427,14.5,5.4,23.1,0,3378
20120428,16.9,8.6,24.9,0,3378
20120429,16.8,11,22.1,0,3378
20120430,18.7,12.9,23.7,0.3,3313
20120501,18.8,14.7,23.2,5.6,3313
20120502,19,15.6,23.7,1.2,3313
20120503,17.4,13.4,22.8,1.5,3329
20120504,18.9,12,26.1,0.1,3329
20120505,19.6,13.3,26.2,0.1,3329
20120506,17.7,10.6,25,0,3329
20120507,18.4,10.7,26.5,0,3329
20120508,18.9,12.5,27,1.1,3286
20120509,18.4,12.6,26.1,0.1,3286
20120510,15.9,12.2,20.8,0.2,3286
20120511,14.5,12.4,17.8,0.1,3286
20120512,15.5,11.3,20.9,0,3286
20120513,16.9,12.2,22.4,0,3286
20120514,15.6,14,17.1,17.6,3363
20120515,17.5,13.1,22.9,0.5,3261
20120516,17.3,11.4,23.7,0.1,3169
20120517,16.1,11.2,21.8,1.3,3533
20120518,16.7,9.3,24.6,0,3684
20120519,17.8,11,24.6,0,3684
20120520,19,11.6,26.9,0,3684
20120521,19.4,12.3,26.7,0,3596
20120522,20,12.5,27.7,0,3705
20120523,20.7,14.6,28.1,0,3758
20120524,19.7,14.8,25.4,0.3,3319
20120525,19.9,15.3,26.1,0.3,3104
20120526,19.7,12.7,27.4,0,3104
20120527,20.4,13,27.6,0.3,3104
20120528,19.7,14.9,25.8,1.3,3104
20120529,20.4,15.1,26.7,0.1,3242
20120530,18.7,16.6,21.9,3.5,3305
20120531,19.6,15.5,25.5,1.1,3045
20120601,19.8,14.3,25.8,0,3115
20120602,20.3,16.4,26.5,1.5,3115
20120603,20.9,14.6,27.7,0,3115
20120604,21.6,15.6,27.5,0.2,3162
20120605,23.1,18.7,28.8,0,3343
20120606,22.7,18.5,28,0,3343
20120607,22.7,17.9,28.8,0,3470
20120608,20.1,18,23.5,7.7,3452
20120609,21.6,17.6,27,0,3452
20120610,22.1,17.5,27.9,1.1,3452
20120611,21.5,17.9,26.3,0.2,3480
20120612,22,17.9,27.6,2.2,3471
20120613,21.4,17.7,26.4,1.4,3425
20120614,21.5,17.4,26.6,0,3102
20120615,20.4,18.1,23,4.5,2984
20120616,22.2,17.5,27.7,0.3,2984
20120617,23.2,17.8,29.2,0,2984
20120618,22.2,18.5,27.1,3.3,2915
20120619,22.9,18.8,28.9,7.2,2915
20120620,22.6,18.3,27.7,0.2,2881
20120621,23.5,18.9,29.8,0.1,2860
20120622,23.1,18.4,28.9,0.1,2860
20120623,23.8,19.2,29.8,1,2860
20120624,23.3,19.6,27.1,0.8,2860
20120625,22.7,18.2,27.7,0,3313
20120626,21.7,18.6,25.5,0.4,3352
20120627,21.4,18.7,25,0.2,3290
20120628,22.8,18.1,28,0,3240
20120629,23.5,19.4,28.7,4.6,3235
20120630,23.3,20.9,26,37.4,3235
20120701,23.4,20.4,27.7,0.5,3235
20120702,24,19.9,29.2,0.1,3222
20120703,24.6,20.4,29.3,1.1,3224
20120704,25.4,22,29.6,0.3,3197
20120705,23.9,22.3,26.1,25.2,3160
20120706,23.2,21,25.5,64,3211
20120707,23,19.6,28.1,2.1,3211
20120708,24,19.3,29.7,0,3211
20120709,24.9,20,30.7,0,3096
20120710,24,20.9,27.8,6.4,3129
20120711,24.1,21.9,27.3,33.2,3053
20120712,25,21.1,29.1,0.8,3027
20120713,24.8,21.9,29,23.6,3059
20120714,23.3,21.3,25.8,25.1,3059
20120715,22.4,20.3,25.1,48.2,3059
20120716,23,20.4,26.5,0.6,3068
20120717,23.5,21.2,26.3,8,3047
20120718,25.4,22.7,28.6,14.1,3067
20120719,25.6,23.1,29.2,27.9,2778
20120720,26.1,22.8,30.8,0.2,2778
20120721,26.1,22.3,31,0.1,2778
20120722,25.6,23.3,29,3.9,2778
20120723,27.3,23.8,31.8,0.7,2777
20120724,28,24.1,33.1,0,2772
20120725,28,23.6,33.4,0,2668
20120726,27.9,23.3,33.4,0,3021
20120727,28,23.6,33.2,0,2855
20120728,28.2,23.8,33.6,0,2855
20120729,28.7,24.1,34,0,2855
20120730,28.8,24.4,33.8,1.2,2935
20120731,28.9,24.7,34.3,0.1,2935
20120801,29.4,24.3,34.9,0,2975
20120802,28.8,25.5,32.9,0.3,3100
20120803,28.8,24.9,33.6,0,3050
20120804,28.8,24.3,34.3,0,3050
20120805,29.2,23.6,35.3,0,3050
20120806,29,24.4,34.5,1.2,3008
20120807,28.2,24,33.5,0.2,3048
20120808,27,22.3,32.4,0,3146
20120809,27.2,23,32.7,0.2,2615
20120810,25.3,23.1,29,8,2638
20120811,26.9,22.7,31.8,0.8,2638
20120812,26.2,23.7,30.2,26.8,2638
20120813,25.5,23.2,28.8,35,2325
20120814,25.4,22.4,29.1,6.2,2293
20120815,26.5,23.5,30.2,42.8,2293
20120816,25.6,23.1,29.3,21.1,2860
20120817,26.9,23.4,31.8,2.7,2850
20120818,27.6,24.6,31.8,2.6,2850
20120819,28.2,25.3,32.2,1.5,2850
20120820,26.8,24.8,29.3,17.7,2926
20120821,26.7,24,31.3,17.4,2930
20120822,23.6,21.7,26.7,29.4,2865
20120823,22.4,20.6,24.7,38.5,2662
20120824,22.4,20.6,24.4,40.8,2718
20120825,25.6,22,30.6,3.4,2718
20120826,27,22.8,32.2,0,2718
20120827,27.1,23.1,30.8,1.9,2845
20120828,25.9,23.4,28.6,38.3,2845
20120829,26.2,23.2,30.3,2.6,2931
20120830,22.3,19.6,25.4,67.5,3253
20120831,22.6,18.3,27.7,1.7,3276
20120901,22.9,19.1,28.1,0.5,3276
20120902,23.3,19.9,28.4,0.3,3276
20120903,23.7,19.9,29,0.1,3301
20120904,23.1,19.8,27,23.3,3236
20120905,22.8,18.2,28,9.9,3192
20120906,20.8,15.7,27.2,0,3173
20120907,21.9,15.7,27.5,8.7,3185
20120908,21.9,18.8,26.4,33.3,3185
20120909,19.9,18,22.8,7.9,3185
20120910,21,17.3,26.3,10.4,3046
20120911,20.9,16.1,26.9,0,3205
20120912,21.1,16.5,26.3,0,3255
20120913,21.3,19.3,23.9,5.8,3003
20120914,19.8,17.6,22.7,4.3,2938
20120915,19.8,16.8,23.6,2.9,2938
20120916,18.8,17.3,20.7,46.6,2938
20120917,18.8,17.4,20.9,95.5,2993
20120918,20.7,17.2,25.4,0.1,3056
20120919,19.6,15.5,25.1,0.3,3077
20120920,18.9,14.1,25.4,0,2971
20120921,18.7,14.1,24.9,0,2858
20120922,19.1,14.2,25.8,0.1,2858
20120923,19.3,14.1,26.2,0,2858
20120924,19.1,13.5,26.2,0,2828
20120925,19.2,13.6,26.2,0,2828
20120926,18.8,13.4,25,0,2805
20120927,18.8,15.2,23.7,0,2868
20120928,18.6,14.4,24.5,1.6,2782
20120929,16.6,12.4,21.7,0.1,2782
20120930,15.9,10.6,22,0,2782
20121001,16.7,11.1,23.7,0,2782
20121002,17.3,12,24.4,0,2944
20121003,17.4,11.8,24.6,0,2944
20121004,17.1,11.1,24.5,0,2971
20121005,17.5,12.3,22.8,0,3129
20121006,17.9,13.5,24,0.1,3129
20121007,16.7,11.2,23.8,0,3129
20121008,15.6,10.5,22.4,0,3147
20121009,15.2,9.2,21.9,0,3139
20121010,15.4,10.5,21.9,1.6,3141
20121011,13.7,8.7,19.9,0,2948
20121012,13.4,6.6,21.9,0,2867
20121013,14.5,8.6,22.9,0,2867
20121014,15.4,9.6,23.5,0,2867
20121015,13.7,7.7,22,0,2867
20121016,15.6,7.7,23,0,2867
20121017,13.6,8.2,18.1,1.6,2847
20121018,10.5,4.2,17.7,0,3091
20121019,12.3,5.5,20.6,0,3133
20121020,13.6,7,21.2,0.1,3133
20121021,15.7,9.2,24,0,3133
20121022,14.7,10.5,20.2,26.7,3143
20121023,11,6.3,16.2,0,3115
20121024,11.6,5.9,18.2,0,3165
20121025,13.2,7.4,21,0.1,3070
20121026,14.5,8.6,22.2,0,3022
20121027,14.8,11.9,17.2,25.4,3022
20121028,15.4,9.8,20.6,0,3022
20121029,12.1,6.8,18.5,0,3010
20121030,10.3,5.4,15,0.3,3187
20121031,8.2,3.5,13.7,0.4,3247
20121101,7.2,2.6,11.8,0.1,3054
20121102,6.2,0.3,13.7,0,3034
20121103,8.1,0.8,16.7,0,3034
20121104,10.8,5.4,14.9,5.8,3034
20121105,10.4,6.9,14.8,3,3030
20121106,9.3,6.3,12.4,4.5,3094
20121107,9.8,6.1,14.3,0,3158
20121108,10,5.5,15,0,3079
20121109,9.8,4.9,16.2,0,3116
20121110,12.1,7.7,15.6,3,3116
20121111,10.6,6.9,15,18.1,3116
20121112,9.6,6.9,12.5,1.2,3138
20121113,7.3,3.9,11.2,3.1,3147
20121114,4.8,2.2,8.2,0.7,3266
20121115,4.9,0.1,11.3,0,2774
20121116,5.9,-0.5,10.9,5.7,2820
20121117,7.5,3.6,10.9,4,2820
20121118,4.5,-0.2,10.8,0,2820
20121119,5.3,-0.2,11.6,1.1,2808
20121120,3.2,-1.1,8.2,0,2700
20121121,3.7,-2.3,9.6,0,2700
20121122,6.2,0.5,12.5,0,2671
20121123,6.1,3.2,9.8,0.5,2732
20121124,3.3,-1.3,8.8,0,2732
20121125,3.5,-2.9,9.3,1.2,2732
20121126,3.8,0.7,8,2.8,2740
20121127,1.8,-2.9,7.7,0,2760
20121128,6.2,-0.9,13.2,0.8,2729
20121129,2.9,-1.4,8.1,0,3269
20121130,2.6,-2.4,8.6,0.1,3292
20121201,1,-3.5,5.7,0.2,3292
20121202,3.1,-0.7,8.4,0.6,3292
20121203,3.2,-1.3,8.4,3.2,3215
20121204,0.2,-2.7,3.7,0.1,3215
20121205,0,-3.8,5.4,6.7,3215
20121206,-3.8,-7.4,-0.2,0.6,3277
20121207,-2.1,-6.4,2,3.3,3359
20121208,-3.9,-7.6,0.1,0.9,3359
20121209,-6.2,-10.1,-2.2,0.4,3359
20121210,-5.4,-10.2,0.1,0,3380
20121211,-4.2,-9.6,2.1,0,3270
20121212,-3.6,-8.8,3.6,0,3293
20121213,-1.3,-8.4,6.7,0,2921
20121214,3.3,-1.2,6.6,25.3,2841
20121215,5.3,2.1,8.7,0.5,2841
20121216,3.3,-0.4,8.7,0,2841
20121217,2.7,-0.6,7.1,0,2886
20121218,-2.8,-5.8,0.6,0,2837
20121219,-4.2,-8.1,0.8,0,2837
20121220,-1.8,-7.3,4.4,0,2890
20121221,0.9,-2.2,3,6.7,2865
20121222,0.1,-3.2,3.1,0,2865
20121223,-4.8,-9.2,-1.3,0.4,2865
20121224,-6.7,-12,-1.4,0.1,2916
20121225,-4.3,-9.5,0.7,0.3,2916
20121226,-8,-12.6,-2.1,0,2916
20121227,-4.1,-11.5,2.7,0,3238
20121228,-0.7,-3.3,2.2,7.3,3301
20121229,0.7,-3.1,4.2,2.2,3301
20121230,-3.5,-8.1,1.4,1.5,3301
20121231,-6.1,-10.5,-1.2,0.2,3325
20130101,-3.2,-9.1,2.6,2,3325
20130102,-6,-11.2,0,0.4,3301
20130103,-9.9,-13.9,-5.1,0,2940
20130104,-9,-14.7,-1.9,0,2935
20130105,-5.9,-13.1,1,0,2935
20130106,-4.1,-8.5,2.1,0,2935
20130107,-4,-9.7,2.5,0,2999
20130108,-3.2,-8.7,3.2,0,3045
20130109,-5.6,-9.6,-1.5,0,3045
20130110,-6.9,-12,-0.8,0,3314
20130111,-4.3,-11.8,2.9,0,3218
20130112,0.3,-5.6,7,0.1,3218
20130113,-0.7,-4.7,3.9,0,3218
20130114,-0.7,-6.1,5.7,0.1,3207
20130115,-1.9,-7.2,4.9,0,3162
20130116,-0.7,-5.7,3.9,0.1,3180
20130117,-2.8,-6.2,0.3,1.9,3121
20130118,-3.3,-9.1,3.2,0,3171
20130119,-0.1,-5.3,5.9,0,3171
20130120,1.4,-4.7,7,0,3171
20130121,3.8,2.2,5.3,19.3,3112
20130122,3.6,2.3,5.7,2.2,3103
20130123,2.5,0.9,4.1,1.4,3119
20130124,0.9,-3.2,4.6,0.3,3183
20130125,-4.6,-6.7,-1.5,0,3129
20130126,-5.5,-8.9,-1.2,0,3129
20130127,-5,-8.8,-0.8,0,3129
20130128,-1.8,-8.7,4.4,0,3121
20130129,2.2,-3.2,8,0,3243
20130130,4.1,-0.9,11,0,3264
20130131,6.4,0.3,12.7,0.5,3212
20130201,8.6,4.8,12.2,31.3,3208
20130202,3,-2,8.1,0,3208
20130203,-0.2,-4.7,2.8,3.2,3208
20130204,2,-1.6,6.3,4.2,3169
20130205,0.6,-3,3.5,3.9,3281
20130206,1.1,-1.2,3.7,2.2,3568
20130207,-6.2,-10.9,0,0.1,3568
20130208,-8.2,-13.2,-2.5,0,3568
20130209,-5.1,-10.6,0.6,0,3568
20130210,-1.7,-7.1,3.8,0.1,3568
20130211,-2.8,-8,2.7,0,3568
20130212,-1.7,-4.4,1.7,0.3,3382
20130213,-0.9,-6.8,5.1,0,3296
20130214,2.1,-3.3,7.9,0,3348
20130215,1.4,-3.4,6.1,0,3348
20130216,-1.6,-7.2,4.6,0,3348
20130217,2,-3.2,6.3,1.9,3348
20130218,2.9,0.2,6.3,1.8,3560
20130219,-0.1,-3.4,4,0.5,3510
20130220,-1.9,-6.8,3.6,0,3560
20130221,-0.2,-5.2,5.3,0,3526
20130222,1.6,-3.5,7.1,0.6,3526
20130223,0.1,-5.1,5.2,0,3526
20130224,1.8,-4.1,7.7,0,3526
20130225,3.1,-3.3,10.3,0,3549
20130226,4.9,0,9.4,0.2,3621
20130227,6.1,0.8,13.1,0,3625
20130228,8,-1.1,16.4,0,3619
20130301,4.2,-1.2,11.2,4.9,3619
20130302,0.4,-3.7,5.6,0,3619
20130303,1.3,-4.1,7.4,0,3619
20130304,3.4,-2.7,10.4,0,3613
20130305,4.7,-2.6,12.9,0,3787
20130306,7.9,-1,16.9,0,3761
20130307,9.4,3.5,14.6,0.8,3773
20130308,9.8,2.5,18.3,0,3659
20130309,13.5,2.3,23.7,0,3659
20130310,5.8,0.4,13.9,0,3659
20130311,4.5,-3.2,13.1,0,3571
20130312,9.1,-0.3,16.5,1.4,3602
20130313,6.5,2.1,12.4,16.1,3618
20130314,4.3,0.3,9.7,0,3527
20130315,5.9,-1,13.4,0,3527
20130316,7.6,1.2,15.8,0,3527
20130317,8.9,0.3,17.6,16,3527
20130318,10.3,7,15.5,16.3,3618
20130319,10.7,5,15.8,0,3618
20130320,5.5,-1.1,11.9,2.3,3527
20130321,2.5,-4.1,9.8,0,3315
20130322,5.3,-0.5,11.3,0,3571
20130323,6.7,0.5,13.8,0,3571
20130324,6.5,1.3,12.4,0,3571
20130325,3.8,-0.1,8.7,0.8,3571
20130326,5.1,-2.3,12.5,0,3571
20130327,9,1.3,17.2,0,3571
20130328,9.9,2.7,17.3,0,3315
20130329,7.2,1.9,13.2,0,3360
20130330,6.6,0.8,12.9,0.3,3360
20130331,7.3,2.4,13.7,0.6,3360
20130401,9.2,1.1,16.8,0,3360
20130402,7.4,4.3,12.1,1.4,3360
20130403,10,3,17.7,0,3360
20130404,11.9,4.7,20.3,0,3495
20130405,13.1,5.1,19.9,0.3,3495
20130406,8.5,3.7,13,24.7,3495
20130407,5.2,1.8,9.6,1.6,3495
20130408,8.6,0.4,16.3,0.1,3707
20130409,8.2,4.2,13.1,0.3,3674
20130410,5.5,1.2,10,0.1,3725
20130411,7,1.8,12.1,0.5,3727
20130412,6.9,0.8,12.9,0,3755
20130413,11.8,1.1,19.8,0,3755
20130414,11.4,4.3,17.5,1.5,3755
20130415,7.9,0.9,14,0,3643
20130416,15.6,5.8,24.5,0.1,3546
20130417,12.1,9.2,17.3,0.3,3742
20130418,11.8,7.3,18,0,3641
20130419,9.4,3.7,15.3,0,3699
20130420,5.8,3.5,8.5,9.7,3699
20130421,8.8,3.1,15.2,0,3699
20130422,11.3,2.3,18.9,0,3647
20130423,10.9,8.6,14,22.1,3702
20130424,13.6,8.9,19.4,1.5,3737
20130425,10.8,6.6,16.4,2.2,3796
20130426,11.4,6.4,17.3,0.5,3819
20130427,11.6,4.9,19.1,0.8,3819
20130428,15.2,7.1,22.1,0,3819
20130429,14.6,9.4,19.1,7.5,3680
20130430,13.2,6.2,21,0.1,3812
20130501,11.6,6.8,17,0.2,3812
20130502,11.8,6.7,17.9,1.1,3493
20130503,12.5,6.3,19.2,0.9,3593
20130504,14,8.7,20.5,0.1,3593
20130505,15.6,7.6,23.6,0,3593
20130506,16.8,8.9,25.1,0,3664
20130507,16.1,9.7,23.1,0,3664
20130508,17.5,8.8,26.4,0,3664
20130509,18,11.5,24.4,3.8,3664
20130510,15.6,12.8,19.5,15.9,3429
20130511,18.1,11.9,25.5,0,3429
20130512,20.2,13,26.7,0.1,3429
20130513,20.2,13.4,28.1,0,3498
20130514,18.9,11.8,26,0,3498
20130515,18.9,13.8,25.3,0,3498
20130516,17.8,12.7,23.5,0,3429
20130517,16.9,10.9,23.6,0,3429
20130518,17.7,11,24,4.2,3429
20130519,16.5,14.1,19.9,24.4,3429
20130520,16.9,12.4,21.9,0,3429
20130521,17.9,9.7,26.1,0,3429
20130522,19.9,12.1,27.6,0,3417
20130523,20.7,14.1,28.5,0,3535
20130524,21.7,14.2,30.1,0,3587
20130525,21.5,15.7,28.6,0,3587
20130526,21.8,16.9,27,0,3587
20130527,19.5,17.6,22.2,51.8,3535
20130528,19.5,17.3,22.1,26.1,3476
20130529,18.5,15.9,21.3,0.5,3458
20130530,19.8,14.5,26.5,0,3576
20130531,19.6,13.2,26.3,0,3522
20130601,19.6,15.4,25.3,0,3522
20130602,19.9,13.6,26.9,0,3522
20130603,20.1,14.2,26.6,0,3430
20130604,21.8,15.4,28.6,0,3645
20130605,22.3,16.4,28.9,0,3280
20130606,22.2,17.4,28.5,0.6,3280
20130607,22.2,17.8,28.1,0.2,3305
20130608,22.1,17.6,27.1,0,3305
20130609,22.5,17.7,27.8,0,3305
20130610,22.6,17.2,27.9,0,3307
20130611,21,18.5,24.7,4.8,3285
20130612,20.7,18.9,23.5,3.4,3263
20130613,22.3,19.3,26.5,0.1,3493
20130614,22.2,19.9,25.4,1.5,3493
20130615,24,20,29.2,0.1,3493
20130616,24.2,19.2,30.1,0,3493
20130617,24,20,28.6,1,3485
20130618,22.6,21.5,24.5,46.9,3463
20130619,23.4,20.3,28.2,20.1,3441
20130620,24.4,20.1,30,0,3600
20130621,23.8,20.8,28.1,0.4,3557
20130622,23.2,20,27.9,1.3,3557
20130623,21.6,19.5,24.8,2.9,3557
20130624,22.9,18.4,28.3,0,3615
20130625,22.6,19.4,27.2,6.5,3607
20130626,23.3,19.6,28.9,5.8,3661
20130627,23.3,19.5,28.3,3.5,3661
20130628,23.6,20.1,29,1.6,3661
20130629,24.5,19.5,30.3,0.1,3661
20130630,25.1,20,30.6,0,3661
20130701,25.4,21.1,30.6,0,3601
20130702,25.7,22.3,29.4,11.5,3543
20130703,25.7,22.4,29.6,18.6,3613
20130704,25.2,22.8,27.9,22.3,3404
20130705,23.8,21.9,26.3,51.5,3408
20130706,25,21.8,29.9,0,3408
20130707,24.4,22.2,27.3,19.3,3408
20130708,26.1,23.5,29,14.6,3387
20130709,27,24.4,30.7,1.7,3444
20130710,26.9,23.9,30.8,2.3,3493
20130711,26.8,23.6,30.7,5,3636
20130712,26,23.3,29.1,6.3,3688
20130713,26.2,23.5,30.3,18.4,3688
20130714,25.9,23.3,29.6,23.6,3688
20130715,26,23.4,29.7,14.2,3640
20130716,27.3,23.2,31.5,0.5,3459
20130717,26.4,23.8,29.8,8.5,3540
20130718,26.4,23.2,30.8,4.7,3301
20130719,26.6,22.4,31.8,0.4,3356
20130720,27.4,23.4,32.2,1.1,3356
20130721,27.2,24.2,31,1.3,3356
20130722,27.3,24.5,31.6,16.6,3336
20130723,26.3,24.5,28.4,17.3,3305
20130724,26.7,23.8,30.1,4.8,3323
20130725,26.7,22.6,31.7,0,3698
20130726,27,22.6,32.4,0,3718
20130727,26.5,22.2,31.8,0.1,3718
20130728,26,23.6,28.9,11.1,3718
20130729,27.4,24.2,31.6,5.2,3655
20130730,26.3,23.2,31.3,8.5,3731
20130731,27,24.1,31,12.9,3731
20130801,27.2,23.8,32.2,3.6,3247
20130802,27,24.6,30.6,3.7,3173
20130803,27.2,24.5,31.9,9.1,3173
20130804,27.4,24.6,32.1,7.6,3173
20130805,27.6,24.1,32.2,4.9,3143
20130806,27.6,23.7,32.9,9.8,3123
20130807,28.9,24.3,34.3,0,3147
20130808,29.7,25.9,34.6,0,3070
20130809,29.9,25.9,34.6,2.1,3060
20130810,28.4,24.6,33.8,6.4,3060
20130811,28.8,24.3,34.7,0.2,3060
20130812,28.9,24.6,34.5,0.2,3013
20130813,28.4,24.2,33.9,0,3051
20130814,28.2,23.8,33.7,0,3051
20130815,28.4,23.6,33.8,0.1,3051
20130816,28.4,24.1,34,0.5,3107
20130817,28.4,24.3,33.5,0,3107
20130818,28.7,24.4,34.1,0.7,3107
20130819,28.4,23.9,34.1,2.5,3054
20130820,27.6,23.1,33.5,0.6,3058
20130821,27.5,23.6,32.4,1.4,3082
20130822,27.8,24.5,33,6.6,3442
20130823,25.4,23.6,28,38.7,3402
20130824,24.7,21.9,28.2,31,3402
20130825,24.9,20.7,30.6,2.3,3402
20130826,24.9,20.6,30.9,0.1,3377
20130827,25.1,20,31,0,3467
20130828,25.4,21.1,30.7,0,3543
20130829,25.5,21.7,29.7,23.4,3041
20130830,25.1,22.1,29.6,4.7,2935
20130831,23.3,19.7,28.1,3.7,2935
20130901,22.9,18.8,28.3,0,2935
20130902,22.1,17.4,27.9,0.2,2906
20130903,20.2,16.5,24.4,0,2933
20130904,20.6,14.7,27.1,0,2934
20130905,20.1,15.4,24.4,0,3211
20130906,19.2,17.5,21.8,5.2,3199
20130907,20.5,17,25.5,1.6,3199
20130908,21.4,16.7,27.9,0,3199
20130909,21.7,16.7,27.7,0,3227
20130910,22.5,18.3,27.4,3,3227
20130911,22.3,19.9,25.5,9.9,3216
20130912,22.5,20.4,25.6,2.9,3370
20130913,24.2,20.7,28.7,14.4,3314
20130914,22.4,20.1,25.6,40.6,3314
20130915,22.7,18.1,28.9,0,3314
20130916,20.4,15.2,27.1,0.1,3325
20130917,21,14.4,28.9,0,3311
20130918,22.5,16.3,30.1,0,3311
20130919,22.4,17.3,28.6,0,3311
20130920,22.4,17.3,29.2,0,3311
20130921,22.9,18,29.5,0,3311
20130922,22.2,18.5,27.4,1.6,3311
20130923,22.1,17.2,28,0,3193
20130924,21.8,17.8,26.3,3.8,3091
20130925,19.6,16.2,24.2,1.1,3091
20130926,17.1,12,23.4,0.2,3269
20130927,17.2,10.3,24.6,0,3319
20130928,18.2,15,22,2.1,3319
20130929,18.8,17.1,20.6,26.8,3319
20130930,20.9,18,25.9,7.2,3344
20131001,20.8,16.7,26.5,0.5,3238
20131002,19.4,14.7,24.4,2.4,2932
20131003,16.1,10.7,22.8,0.1,2932
20131004,16.2,9.2,24.6,0,2969
20131005,18.5,11.2,25.6,0,2969
20131006,20.9,16.9,24.7,2.7,2969
20131007,22.5,19.5,26.9,0.9,3033
20131008,20.3,18.5,22,30.7,2991
20131009,20,16.8,24.7,0.6,2991
20131010,19.9,16.5,23.9,8.2,3094
20131011,18.8,13.1,23.6,0.3,3002
20131012,15.5,9.9,22.3,0,3002
20131013,15.8,9.3,23.8,0,3002
20131014,17.3,11,25.2,0,3124
20131015,14.4,10.5,19.6,5.8,3126
20131016,11.1,6.3,17,0,3085
20131017,11.1,5.3,18.3,0,3482
20131018,13,6.8,20.6,0,3482
20131019,14.3,8.6,20.5,0,3482
20131020,15.9,11,22.7,0.1,3482
20131021,14.9,10.1,21.2,0,3357
20131022,15.1,9.7,21,0.2,3386
20131023,15.4,10.6,21.8,0,3386
20131024,14.1,9.2,20.5,0,3274
20131025,10.9,6.4,17,0,3289
20131026,10,4.7,16.7,0,3289
20131027,10.1,3.9,18.3,0,3289
20131028,10.5,4.3,18.4,0,3272
20131029,12.2,5.4,19.6,0.3,3234
20131030,11.9,7.2,17.9,0,3358
20131031,12,6.6,19.8,0,3371
20131101,14,7.9,21.2,0,3310
20131102,14.1,10.2,18.4,2,3310
20131103,13.4,9.4,18.6,0.1,3310
20131104,12,7.6,17.9,0.3,3205
20131105,11.1,5.3,19.3,0,3231
20131106,12.3,7.5,17.3,0.9,3235
20131107,12.8,6.7,18.4,0.5,3169
20131108,9.3,3.6,16,0,3117
20131109,11.9,7.1,16.6,12.5,3117
20131110,9.3,4.2,15,0.6,3117
20131111,4.9,1.2,9.4,0,3170
20131112,4.6,-0.3,10.6,0,3170
20131113,4.7,-1.2,12.3,0,3170
20131114,6.5,0.6,11.5,0.5,3350
20131115,8.3,3.8,14.8,0.7,3248
20131116,7.2,1.4,14.7,0.5,3248
20131117,7.1,3,11.2,1.4,3248
20131118,3.2,0.7,6.5,1.4,3250
20131119,3.5,0.4,6.8,0.8,3246
20131120,3.4,-0.3,7.9,0.1,3210
20131121,3.8,-1.2,9.6,0,3210
20131122,5,-0.3,11.3,0,3155
20131123,6.1,0.6,13.1,0,3155
20131124,8.4,2.3,13.8,14,3155
20131125,7.5,3.3,12.7,12.6,3179
20131126,3.5,-0.8,8,0.3,3320
20131127,1.8,-2,6.4,6.7,3320
20131128,-1.3,-4.5,2.2,1.3,3008
20131129,1.1,-3.3,5.9,0.5,3007
20131130,3.9,-1.8,10.8,0,3007
20131201,4.5,-0.2,10.8,0,3007
20131202,4,-1.1,9.5,0,3043
20131203,5,0.4,11,0,3021
20131204,4.6,-0.2,11.6,0,3065
20131205,5.4,-0.1,10.5,0,2976
20131206,4.2,-0.2,9.3,0,2987
20131207,3.9,-1.3,10.5,0,2987
20131208,4.5,-1,11.6,0,2987
20131209,5.8,2.5,9.5,8.5,3059
20131210,3,0.4,6,1.2,2976
20131211,0.9,-1.7,4,2.2,3017
20131212,1,-4.8,5.7,3.1,3382
20131213,-2.4,-5.8,2,0.3,3329
20131214,-0.5,-6.2,4.4,0.3,3329
20131215,-1.2,-5.2,3.8,0,3329
20131216,-1.3,-6.1,3.2,0,3241
20131217,2,-2.5,6.3,1.7,3241
20131218,4.2,0.9,8.5,0.4,3241
20131219,-0.2,-3.3,2.9,1.2,3240
20131220,-0.9,-4.2,2.4,1.2,3225
20131221,-0.4,-4.3,4.7,0.1,3225
20131222,-0.8,-5.7,4.9,0,3225
20131223,0.3,-3.6,5.4,0,3184
20131224,-0.4,-5.5,6.8,0.1,3184
20131225,0.8,-5.4,7.2,0,3184
20131226,1.6,-1.5,5.3,0.3,2996
20131227,-2.4,-5.3,0.8,0,2944
20131228,-3.9,-8,0.8,0.1,2944
20131229,-1.7,-7.3,3.2,0.3,2944
20131230,2.8,-2.4,7.6,0,2942
20131231,4.1,-1.8,9.1,0,2942
20140101,4.8,-0.3,9.2,0,2942
20140102,2.6,-2.2,9.1,0,2985
20140103,2.6,-3.2,10.1,0,2964
20140104,1.5,-2.8,6.9,1.2,2964
20140105,0.7,-3.7,6.6,0.1,2964
20140106,0.2,-5.1,7.6,0,3013
20140107,1.9,-4.3,7.8,0,3013
20140108,2.1,-1.4,5.3,1.8,3017
20140109,-4.4,-8.1,-0.6,0,3181
20140110,-3.7,-9.6,2,0,3195
20140111,-0.8,-5.5,4.4,0,3195
20140112,-0.4,-5.1,5.3,0,3195
20140113,-3.9,-8.4,1.5,0,3211
20140114,-3.4,-9.3,3.4,0,3226
20140115,-2.3,-8.1,4.3,0,3198
20140116,-0.9,-6.6,5.2,0,3187
20140117,-0.1,-5,5.9,0,3367
20140118,-0.6,-4.6,3.9,0,3367
20140119,-1.7,-8.3,4.6,0,3367
20140120,1,-2.2,5.5,1.5,3389
20140121,-2.9,-5.5,-0.1,1.4,3507
20140122,-2.7,-8,3.4,0,3630
20140123,-1,-7.5,7.1,0,3704
20140124,4,-3.5,10.7,0,3591
20140125,6.2,1.4,10.6,1.9,3591
20140126,0.4,-4.1,5.6,0.2,3591
20140127,0.7,-7,8.9,0,3570
20140128,3,-3.1,9.3,0.1,3585
20140129,3,-6.4,11.5,0.7,3556
20140130,6.1,1.5,10.2,1.1,3556
20140131,3.1,-3.1,10.8,0,3556
20140201,7.5,1,13.4,6,3556
20140202,8.9,5.1,14.2,0.4,3556
20140203,1.8,-4.5,7.3,0,3702
20140204,-4.9,-8.1,-0.7,0,3713
20140205,-3.8,-8.1,1.4,0,3745
20140206,-0.5,-4.8,4.5,0.3,3540
20140207,2.6,-1.8,6.7,2.8,3633
20140208,2.2,0.4,4.6,3.2,3633
20140209,0.4,-1.3,3.3,3.2,3633
20140210,0.1,-2.6,3.4,2.2,3719
20140211,0.1,-4.2,5.3,0.6,3544
20140212,0.9,-3.3,6.5,0.4,3616
20140213,1.6,-2.7,6,2.1,3631
20140214,1.9,-1.6,6,0.2,3631
20140215,1.7,-4.1,8.9,0,3631
20140216,2.7,-3.9,10.1,0,3631
20140217,4.1,0.7,8.3,2.5,3653
20140218,2.4,-0.7,5.6,0.5,3509
20140219,1.6,-2.8,6.7,0.1,3530
20140220,1.5,-3.8,7.5,0,3296
20140221,1.1,-4.4,7.9,0,3296
20140222,1.8,-4.5,9.2,0,3296
20140223,2.9,-3.3,10.4,0,3296
20140224,4.2,-2.5,12,0,3407
20140225,5.6,-1.3,13.6,0,3410
20140226,6.2,1.2,11.5,4.1,3410
20140227,8.6,3.4,15.5,0.2,3391
20140228,7.1,3.1,11.8,0.1,3385
20140301,6.6,4,9.8,2.1,3385
20140302,5,0.4,10.5,0.6,3385
20140303,4.3,-2.4,11.6,0,3455
20140304,5.1,-1.1,11.4,0.2,3238
20140305,3.1,-0.7,8,0.7,3234
20140306,1.4,-4.1,6.5,0,3066
20140307,1.3,-3.8,6.3,0,3066
20140308,2.4,-3.2,8.2,0,3066
20140309,2.5,-1.5,7.2,1.3,3066
20140310,2,-4.4,8.8,0,3069
20140311,5,-3.6,13.6,0,3083
20140312,5.8,0.5,9.3,23,3092
20140313,4.2,1.4,7.6,8.8,3547
20140314,3.3,-0.9,8.4,0.3,3557
20140315,6.9,-1.4,14.1,0,3557
20140316,10.6,4.2,18,0,3557
20140317,12.4,3.8,20.1,1.3,3664
20140318,12.6,7.4,18.3,0.5,3609
20140319,9,5.8,12.6,0.1,3660
20140320,6.4,3,10.7,2.7,3625
20140321,5,0.5,10.4,0,3607
20140322,7.6,-1,15.6,0,3607
20140323,10.2,2.4,18.3,0,3607
20140324,11.2,2.2,18.1,0,3660
20140325,14.2,11.2,18.1,9.3,3634
20140326,13.8,9.5,19,8.9,3638
20140327,12.7,6.4,20.6,0,3293
20140328,15.7,7.6,24.1,0,3298
20140329,14.2,11.7,17.2,10.7,3298
20140330,12.7,8.2,18,3.8,3298
20140331,12,5.5,19.8,0,3369
20140401,13.2,5.3,21.8,0,3367
20140402,14.3,6.3,22.6,0,3372
20140403,10.7,5,18.1,4.9,3197
20140404,7,2.8,11.9,0.8,3210
20140405,6.2,1.2,12.3,0.6,3210
20140406,8,2.5,13.9,0,3210
20140407,11.6,3.9,19.2,0,3232
20140408,12.2,3.9,20.7,0,3232
20140409,12.9,4.9,20.9,0,3156
20140410,12.8,7,20.7,0,3322
20140411,12.3,7.8,17.8,0.1,3353
20140412,13.4,9.4,18.1,0.1,3353
20140413,13.5,8.5,19.3,2.4,3353
20140414,13.7,5,22.5,0,3402
20140415,16,7.5,23.6,0,3569
20140416,16.3,11,23,0,3674
20140417,13.4,7.7,20.5,12.5,4492
20140418,13.5,10.2,18.4,0.7,4377
20140419,12.5,9.1,16.3,0,4377
20140420,13.6,8.5,19.9,0,4377
20140421,15,8.3,21.9,0,4477
20140422,14.9,8.6,22,0,4477
20140423,15.4,6.7,24.2,0,4477
20140424,16.6,8.5,25.2,0,4477
20140425,17.1,8.4,25.8,0,4477
20140426,17.1,9.8,23.7,0,4477
20140427,15.6,13.3,18.8,12.1,4477
20140428,13.6,12.4,15.4,27.2,4477
20140429,14.2,12.1,17,23.2,4119
20140430,14.5,11.1,19.3,1.1,4330
20140501,16.3,10,23,0,4330
20140502,17.4,10.1,25.8,0.2,4330
20140503,14.4,9,20.9,0,4330
20140504,13.3,7.6,20.5,1.2,4330
20140505,11.6,6.3,17.2,0.1,4330
20140506,12.7,5.6,19.8,0,4330
20140507,15.3,6.2,22.7,0.3,4349
20140508,15.4,10.6,20.6,2.7,3941
20140509,15.5,8.3,23.4,0,3941
20140510,17.2,9.2,24.7,0,3941
20140511,17.3,11.1,23.2,18.5,3941
20140512,17.9,14.2,22.4,15.6,3745
20140513,20.1,12,27.4,0,3745
20140514,18.5,14.4,23.6,1.6,3745
20140515,18.6,14,24.5,0,3808
20140516,19,11.7,26.1,0,3650
20140517,18.7,12.1,25.9,0,3650
20140518,18.6,11.6,25.8,0,3650
20140519,19.4,11.8,26.8,0,3650
20140520,18.4,14.8,23,4.5,3400
20140521,18.4,13.2,24.7,0,3400
20140522,19.5,12.7,27,0,3492
20140523,19.2,15.4,24.1,0,3586
20140524,21.8,15.4,28.6,0,3586
20140525,20.5,17.6,25,7.7,3586
20140526,20.5,15.3,26,2.3,3575
20140527,22,13.5,29.5,0,3584
20140528,21.6,16,28.4,1.2,3584
20140529,22.8,15.5,31.1,0,3609
20140530,23.6,15.2,32.1,0,3473
20140531,24.3,16.3,32.4,0,3473
20140601,23.9,18.3,29.9,0,3473
20140602,20.9,18,24.2,5.9,3359
20140603,19.1,17.2,21.3,19.8,3380
20140604,21.1,18.3,25.3,3.1,3380
20140605,20.7,18.2,23.8,1.2,3363
20140606,21.4,16.5,27.4,0,3363
20140607,21,15.8,26.6,0.2,3363
20140608,20.6,17.9,25,0.7,3363
20140609,20.9,17.9,25.4,0.9,3184
20140610,21,18,25.4,4,3308
20140611,20.4,17.6,25.2,4.8,3285
20140612,19.4,16,24.3,7.2,3623
20140613,20.3,16.3,25.4,1,3661
20140614,22.1,16.7,28.2,0,3661
20140615,22.6,17,28.7,0,3661
20140616,23.3,17.4,29.6,0,3661
20140617,22,19.2,26.1,1.9,3656
20140618,22.5,17.9,28.3,0.3,3656
20140619,22.6,18,27.9,0.3,3491
20140620,22.2,18.3,26.7,1.4,3726
20140621,21.3,19.2,24.3,2.3,3726
20140622,21.9,18.4,26.5,5.9,3726
20140623,21.1,18.3,26,12.4,3696
20140624,21.8,18,27,2.5,3603
20140625,22.8,18,28.4,0,3665
20140626,23.7,19,29.3,0,3587
20140627,24,18.8,29.9,0,3536
20140628,24,19.9,29.3,0.8,3536
20140629,23.4,18.9,28.4,0,3536
20140630,23.7,19.4,29.5,1.7,3482
20140701,24.6,19.5,31.1,1.5,3563
20140702,23.1,20.1,27.5,7.7,3550
20140703,21.3,19.5,23.5,25.8,3722
20140704,23.6,20.2,28.7,0.9,3747
20140705,23.1,19.5,27.3,0.8,3747
20140706,21.5,19.5,24.1,8,3747
20140707,23.3,19,28,0.9,3648
20140708,25,21.5,29.1,4.2,3672
20140709,26.1,23.4,30.4,7.2,3702
20140710,26.9,23.2,32,0,3790
20140711,26.5,21.5,32.4,0,3810
20140712,24.7,20.8,29.2,0.9,3810
20140713,24,20.9,28.4,8,3810
20140714,25.6,21.3,31.1,0,3768
20140715,24.4,21.3,28.5,2,3720
20140716,25.2,21.5,29.9,2.4,3596
20140717,24.3,21.7,27.6,7.7,3394
20140718,24.6,21.8,29,18.6,3349
20140719,25.9,22.5,31,9.2,3349
20140720,26.6,22.7,31.9,0.1,3349
20140721,26.7,22.4,31.7,0,3386
20140722,26.6,23.3,30.6,2.1,3376
20140723,26.1,23.2,29.7,10.7,3311
20140724,26.5,23.1,31.2,11.7,3193
20140725,27.9,24.2,32.6,8.8,3154
20140726,25.6,21.6,29.5,1.8,3154
20140727,23.8,19.1,29.8,0.2,3154
20140728,23.5,18.8,28.7,3.3,3131
20140729,24.5,20.6,29.4,2.7,3161
20140730,27.4,22.3,33,0,3163
20140731,27.7,23.8,34.2,5.5,3085
20140801,27.7,23.4,32.5,2.4,3085
20140802,27,24,30.6,46,3085
20140803,25.2,23.7,27.2,35.2,3085
20140804,24.9,23.7,27,9.1,3031
20140805,26.9,23.8,31.5,1.2,3057
20140806,26,22.9,29.9,5.8,3069
20140807,23,21.2,26,17.6,2972
20140808,23.6,20.4,27.4,3.9,3103
20140809,24.5,20.8,28.4,1.9,3103
20140810,23.4,20.6,28,21.6,3103
20140811,23.5,19.3,28.7,0.4,3148
20140812,24.7,19.9,30.4,0,3121
20140813,23.1,20.7,26.7,2.5,3153
20140814,21,19.5,22.8,18.2,3277
20140815,23.4,20.3,27.8,3.6,3277
20140816,24.3,20.7,29.4,0.2,3277
20140817,22.7,20.4,25.9,19.6,3277
20140818,21.6,19.8,23.9,56.9,3188
20140819,22.9,21.1,26.1,12.2,3408
20140820,23.4,21.5,26.3,13.3,3353
20140821,23.8,21.5,27.4,37.7,3318
20140822,24.4,20.4,29.5,0.9,3271
20140823,24.5,20.6,29.8,0,3271
20140824,24.2,21.1,28.4,5.7,3271
20140825,23.4,21.9,25.8,40.1,3252
20140826,24.2,21.3,28.6,5.6,3282
20140827,22.6,19.8,26.1,1.8,3282
20140828,22.1,18.8,26.6,1.2,3273
20140829,22.1,18.4,27.2,4.1,3312
20140830,21.9,17.3,27.5,0,3312
20140831,21,16.8,26.2,0,3312
20140901,22.2,16.8,28.3,0.1,3200
20140902,21.4,18.1,25.4,7,3207
20140903,21.5,19,24.4,31.7,3204
20140904,22.8,18.6,28.1,0.4,3292
20140905,23,17.7,29.7,0,3407
20140906,22.6,18.7,28.8,0.6,3407
20140907,22.9,17.7,29.4,0,3407
20140908,23.2,18.8,29.4,0,3407
20140909,22.2,17.5,28.2,0,3407
20140910,21.1,16,27.6,0,3407
20140911,21.5,15.8,28.2,0,3324
20140912,20.9,17.5,25,0.3,3280
20140913,21.5,16.8,27.3,0.2,3280
20140914,20.8,15.4,26.9,0,3280
20140915,21.7,17.7,27.6,0.1,3215
20140916,21.3,16.4,27.1,0,3215
20140917,20,17.1,24.3,2.4,3354
20140918,19.5,15.3,24.9,0.1,2920
20140919,18.6,13.5,25.1,0,2941
20140920,19.1,12.7,26.6,0,2941
20140921,19.2,13.6,26.1,0.1,2941
20140922,20,13.4,27.4,0,3053
20140923,20.6,15.1,26.5,8.2,3050
20140924,19.2,17.1,21.7,61.6,3089
20140925,20.2,16,26.2,0.3,3179
20140926,19.9,16.1,25,0.4,3260
20140927,20.2,15.1,26.3,0.1,3260
20140928,20.9,16.3,26.8,0.1,3260
20140929,19.9,18,22.1,4.9,3189
20140930,18.6,15.6,23.2,1.1,3182
20141001,18.3,14.9,23.3,0,3215
20141002,18.6,14.5,23.5,2.3,3266
20141003,17.2,12.7,21.8,0.2,3266
20141004,16.5,11.3,22.4,0.3,3266
20141005,16.2,10.9,22.2,0,3266
20141006,15.3,9.9,21.8,0,3285
20141007,15,8.9,22.7,0,3265
20141008,15.4,9.2,23.2,0,3402
20141009,16.4,10.2,24.3,0,3402
20141010,18,10.5,25.6,0,3537
20141011,18.5,13.4,24.9,0,3537
20141012,17.8,12.6,22.5,0.9,3537
20141013,16.4,11.4,20.4,14,3409
20141014,12.9,7.9,19.6,0,3304
20141015,12.7,6.7,20.2,0,3249
20141016,12.9,7.5,19.7,1.4,3258
20141017,12,4.7,21,0,3284
20141018,13,5.7,22.5,0,3284
20141019,15.1,7.1,22.8,0,3284
20141020,16.6,14.1,18.6,18.4,3564
20141021,15.9,13.2,18.8,41.6,3596
20141022,13.2,9.7,16.8,13.7,3568
20141023,12.5,7.7,19.3,0,3278
20141024,13.8,8.3,21.5,0,3251
20141025,14.6,9.3,23.1,0,3251
20141026,15.5,8.9,22.6,0.1,3251
20141027,12.5,6.8,18.5,0,3290
20141028,10,3.4,19.2,0,3329
20141029,11.2,4.6,20,0,3357
20141030,12.8,6.2,19.9,0,3419
20141031,12.9,11.1,15.1,23.6,3352
20141101,15.1,12.5,18.3,1.9,3352
20141102,12.3,8.7,15.6,2,3352
20141103,8.8,3.6,14.2,0,3327
20141104,9.2,2.6,17.8,0,3373
20141105,10.3,3.4,18.6,0,3318
20141106,12.3,7.5,18.9,0.1,3549
20141107,10.3,5.5,16.2,2.4,3593
20141108,11.2,7.7,15.4,0.5,3593
20141109,10.8,5.3,16.6,0,3593
20141110,8.6,2.6,17.2,0,3640
20141111,9,2.3,16.2,0.4,3574
20141112,8.6,3.3,12.9,2.2,3574
20141113,2.8,-0.3,6.4,0.1,3365
20141114,5.2,-0.5,11.3,0.2,3595
20141115,5.6,0.2,11.9,0,3595
20141116,7.7,3.2,14,0.2,3595
20141117,7.1,2.9,12,0.5,3563
20141118,5.4,0.6,12,0,3524
20141119,4.8,-1.7,13.1,0,3524
20141120,6.2,-0.2,14.8,0,3582
20141121,8.1,1.4,16.2,0,3263
20141122,9.3,3.7,15.8,1,3263
20141123,8.9,4.1,13.9,0,3263
20141124,9.7,8.1,11.5,28.1,3337
20141125,10.2,7.4,13.3,1.7,3379
20141126,9.4,5.5,14.9,0.1,3342
20141127,8.5,3.6,15.9,0,3363
20141128,9.5,5.2,12.6,5.9,3370
20141129,10.3,6.6,15,0,3370
20141130,9.9,6.8,11.9,9.5,3370
20141201,2.7,-3.1,10.7,1.8,3370
20141202,-2.6,-5.1,0.6,0.7,3370
20141203,0.7,-4.4,4.1,2.3,3370
20141204,-0.4,-3.4,3.1,1.6,3360
20141205,-3.1,-5.9,0.5,1.3,3320
20141206,-2.3,-6.3,1.9,0.2,3320
20141207,-1.4,-5.1,3.5,0,3320
20141208,0.2,-3.8,5.2,1.9,3350
20141209,-0.9,-6.1,5.8,0,3350
20141210,3.3,-2.3,7.8,0.4,3344
20141211,2.5,-1.9,6.1,0.2,3297
20141212,-0.2,-3.4,3.6,1,3385
20141213,-2.3,-5.2,0.8,0.7,3385
20141214,-1.6,-6.9,3.4,0,3385
20141215,2,-2.6,5.8,2.2,3454
20141216,-1.1,-6,4.2,5,3600
20141217,-6,-8.7,-3.2,1.9,3697
20141218,-5.3,-10.1,0.4,0,3853
20141219,-2.1,-9.2,3.1,0.6,3901
20141220,0.8,-3.4,5.1,2,3901
20141221,-3.3,-7,1.3,0.7,3901
20141222,-2.5,-8,2.7,0.5,3960
20141223,0.1,-5.9,5.9,0,3942
20141224,3.4,-1.1,9,0.2,3888
20141225,-0.3,-3.9,4.3,0,3888
20141226,-2.1,-6.8,4.1,0,3867
20141227,-1.1,-6.7,7.1,0,3867
20141228,-0.1,-5.6,5.1,0,3867
20141229,2.7,-1.7,8,0,3820
20141230,3.5,-1.7,9.9,0,3829
20141231,0.1,-4.1,4.7,0.9,3816
20150101,-4.9,-7.4,-1.9,0.5,3816
20150102,-3.8,-7.6,0.8,0.3,3808
20150103,-2.3,-9.3,4.3,0,3808
20150104,2.4,-2.6,9.8,0,3808
20150105,3.8,-2.7,10.1,4.1,3757
20150106,1.8,-3.3,7.1,4.7,3757
20150107,-3,-6.5,1.6,0,3757
20150108,-2.5,-7.8,3.3,0,3798
20150109,-0.2,-5.1,4.9,0,3774
20150110,1,-4.2,6.7,0,3774
20150111,1,-3.3,6,0.1,3774
20150112,-1.7,-6.5,4.8,0,3743
20150113,0.4,-6.5,7.9,0,3779
20150114,2.7,-0.2,5.9,0.4,3762
20150115,3.1,-1.3,9.1,0.2,3657
20150116,1.5,-2.6,5.3,0.3,3695
20150117,-0.9,-4.6,3.1,0,3695
20150118,0,-6.8,5.8,1.3,3695
20150119,2.7,-1.3,6.4,0.4,3708
20150120,0.4,-5.3,6.8,0,3649
20150121,2.9,-0.6,6.5,3.1,3744
20150122,3.1,0.5,6.3,1.9,3705
20150123,1.4,-2.7,6.8,0,3657
20150124,2.6,-1.9,8.8,0,3657
20150125,3.7,-1.3,7.8,3.8,3657
20150126,5.6,2.7,9.1,1.7,3595
20150127,0.5,-3.7,4.6,0.3,3654
20150128,-2.1,-6,3.5,0.3,3678
20150129,0.3,-3.6,3.7,1.4,3655
20150130,0,-3.6,3.6,0.2,3655
20150131,-2.7,-6.9,2.6,0,3655
20150201,-1.9,-8,5.5,0,3655
20150202,-0.2,-5.5,7.3,0,3810
20150203,0.7,-5.1,7.9,0,3873
20150204,0.9,-3.4,6.1,0,3966
20150205,0.9,-2.9,5.4,0.3,4018
20150206,1.3,-3.6,7.4,0,4018
20150207,2.2,-2.6,7.1,0,4018
20150208,-4.8,-8.3,2.5,0,4018
20150209,-3.9,-10.7,1.2,0.1,4020
20150210,3,-2.2,8.1,0,4020
20150211,4,-1.2,9.7,0,4106
20150212,0.6,-3.2,4.8,0,4026
20150213,-0.7,-6.4,5.2,0,4026
20150214,2.2,-4.8,9.2,0,4026
20150215,6.1,-0.2,11,3.8,4026
20150216,5.1,3.8,6.8,10,4120
20150217,3.6,1.7,6.4,0.3,4120
20150218,2.3,0.6,4.8,0.1,4120
20150219,2.3,-2.1,8.3,0.2,4120
20150220,4.2,-3.2,10.9,0,4120
20150221,6.4,3.9,8.5,7.9,4120
20150222,6.3,1.7,11.3,1,4120
20150223,3.2,-0.2,8.6,0,4026
20150224,3.4,-0.9,9.6,0,3847
20150225,5.2,-0.4,11.2,0.1,3925
20150226,3.6,-1.1,8.2,0.2,3991
20150227,-0.3,-3.7,4.1,0,4034
20150228,2,-3.7,6.8,1.6,4034
20150301,3.2,0.5,7.1,0.9,4034
20150302,3.5,-3,10.5,0,4006
20150303,3.6,0.5,7.6,2.8,3935
20150304,0.2,-2.8,4.3,0,3984
20150305,0.5,-5.6,6.8,0,4054
20150306,3,-3.5,10.5,0,4054
20150307,4.3,-2.4,12.2,0,4054
20150308,6.4,-2.3,14.6,0,4054
20150309,4.5,-3.3,11.3,0.1,4003
20150310,-1.6,-5.4,2.7,0,4003
20150311,2.5,-3.3,8.1,0,4063
20150312,3.5,-2.9,9.5,0,3825
20150313,5.6,0.1,10.9,1.2,3738
20150314,4.8,-2,11.7,0,3738
20150315,6.4,-1.5,15.2,0,3738
20150316,9.3,0.7,19.1,0,3863
20150317,11.7,3,20.2,0,3918
20150318,9.6,7.8,12.3,31.8,3918
20150319,11.4,6.8,18.3,0.5,3862
20150320,12.1,7.1,19.6,0,3834
20150321,11.9,5.1,19.4,0,3834
20150322,9.7,3.8,16.8,0,3834
20150323,5.5,-0.3,11.5,0,3834
20150324,4.9,-1.6,12.1,0,3928
20150325,5.9,-2.4,14.2,0,3928
20150326,8.1,-0.8,17,0,3936
20150327,9.6,1.3,18.3,0,3792
20150328,11.1,1.5,19.3,0,3792
20150329,12,6.2,19.1,0,3792
20150330,13.1,4.7,21.3,0,3792
20150331,12.8,8.3,15.5,3.1,3792
20150401,11.7,9.2,15.9,1.9,3730
20150402,13.4,8.4,19.5,7.7,4114
20150403,12.9,9,18.8,9,4071
20150404,11.1,7.7,16.2,17.8,4071
20150405,10,8.4,11.7,3,4071
20150406,10.4,7.4,13.3,4.2,4071
20150407,7.5,5.1,10.8,0.9,4071
20150408,7.9,4.3,12.4,0.3,3956
20150409,9,3.4,15.1,0,3824
20150410,10.5,3.4,18.2,0,3824
20150411,11.4,3.5,19.5,0,3824
20150412,11.9,5.2,17.9,0.6,3824
20150413,10.4,8.1,13.2,7.5,3594
20150414,8.6,6.1,12.5,10.2,3516
20150415,12,5.9,18.8,1,3414
20150416,11.6,6,20.4,2.7,3481
20150417,11.4,3.6,19,0,3496
20150418,13.7,4.7,21.7,2.4,3496
20150419,14.2,11.3,17.2,14.2,3496
20150420,11.5,8.1,14.6,11,3589
20150421,12.8,5.7,20.9,0,3492
20150422,13.8,7.1,20.9,0,3692
20150423,14.4,5.9,22.3,0,3809
20150424,15.6,8.7,22.9,0,3182
20150425,15.7,6.7,24.2,0,3182
20150426,18.2,8.5,26.9,0,3182
20150427,18.7,11.2,26.6,0,3168
20150428,17.6,10.9,23.9,8.2,3235
20150429,15.8,14,18.2,23.2,3235
20150430,17.9,13.1,24,0.2,3420
20150501,19.2,12.8,26.3,0,3420
20150502,19.8,13.5,26.2,1.9,3420
20150503,17.6,15.8,20.2,12.9,3420
20150504,16.4,10.5,21.9,0,3353
20150505,14.2,5.9,21.9,0,3353
20150506,14.9,7.7,22.1,0,3353
20150507,16.3,8.7,24.1,0,3299
20150508,16.9,9.2,23.4,0,3322
20150509,17.7,12.9,24.1,0.2,3343
20150510,16.7,10.8,23.5,0,3343
20150511,16.8,11.7,21.9,23.8,3343
20150512,15.8,12.2,19.8,9,3343
20150513,19.6,12.5,25.7,0,3431
20150514,20.7,13.6,26.9,0,3431
20150515,19.1,15.3,23.9,1.3,3431
20150516,18,11.7,25.3,0,3431
20150517,18,9.8,26.1,0,3431
20150518,16.3,12.8,20.4,4,3396
20150519,17.9,12.8,24.2,0.7,3504
20150520,16.7,11.3,22.5,0,3581
20150521,18.7,10.1,26.5,0,3903
20150522,20.7,14,27.7,0,3966
20150523,20.2,14.1,27.3,0,3966
20150524,20.3,12.5,28.3,0,3966
20150525,20.2,12.2,28.3,0,3966
20150526,21.8,13.1,30.9,0,3975
20150527,21.4,12.8,30,0,3974
20150528,21.7,15.5,29.2,0,3990
20150529,22.5,14.6,29.6,0,3928
20150530,19.1,15.8,23,2.7,3928
20150531,20.4,14.5,27.7,0,3928
20150601,21.8,14.2,29,0,3963
20150602,21.7,17.2,27.2,0.4,3972
20150603,21.7,16.4,27.7,0,3960
20150604,21.6,12.9,29.3,0,3960
20150605,16.9,13.3,21.2,3.2,4064
20150606,19.1,12.3,26.1,0,4064
20150607,20.9,15,27.6,0,4064
20150608,20.2,15.8,24.7,1.3,4093
20150609,21.7,16.3,27.9,0,4119
20150610,23.7,16.5,31.2,0,4101
20150611,21.8,17.9,25.6,1.7,3959
20150612,23.2,18.1,29.6,0.7,3604
20150613,22.6,17.5,28.4,0.7,3604
20150614,21.8,17.4,27.3,5.1,3604
20150615,23,19.2,28.4,0,3696
20150616,22.6,19.2,28.5,1.1,3673
20150617,21.4,18.2,25.9,2.9,3618
20150618,22.5,18.1,27.8,0.8,3639
20150619,22.4,18.4,27.8,2.2,3155
20150620,19.4,17.4,22.3,12.2,3155
20150621,21.2,17,26.8,0.1,3155
20150622,22.3,17.3,28,0.2,3170
20150623,23.1,18.2,29,0.1,3105
20150624,22.5,19.2,27.2,3.4,3216
20150625,21.8,18.9,25.9,14.6,2902
20150626,20.9,18.8,23.8,32.4,2860
20150627,21.6,18.4,25.8,0.7,2860
20150628,22.1,17.9,27.2,0,2860
20150629,23.5,18.5,29.1,0.2,2881
20150630,21.4,19,25.5,11.5,2837
20150701,22.6,18.4,28.1,0.9,2865
20150702,22.4,17,28.2,0.2,2875
20150703,22.3,17.6,28,0.5,2971
20150704,21.2,15.8,26.7,0,2971
20150705,21.8,17,27.4,0.4,2971
20150706,22.2,17.9,27.2,0.2,3068
20150707,20.1,17.7,23.1,13.3,3095
20150708,21,18.4,23.6,23,3147
20150709,22.8,20.2,26.2,19.1,3114
20150710,25,20.6,30.3,0,3083
20150711,25.9,22,31.1,9.2,3083
20150712,24.2,22.8,26.1,44.8,3024
20150713,23.9,21.8,26.7,3.6,2930
20150714,25.4,21,30.8,0.1,2954
20150715,25,20.7,31.2,1,2954
20150716,22.9,19.4,27.1,0,3101
20150717,21.6,17.8,25.7,0.3,3073
20150718,23,20.1,27.1,0.1,3073
20150719,24,20.2,28.6,1.5,3073
20150720,24.3,21.9,27.6,2.7,3133
20150721,24.6,22.1,28.3,4.1,3130
20150722,25.7,23,29.9,2.8,3083
20150723,25.9,23.6,29.4,13,2871
20150724,25.6,24.1,27.6,17.4,2816
20150725,26.5,24,29.6,8.8,2816
20150726,27,22.4,32.4,3.8,2816
20150727,26.6,23.5,30.4,1.8,2880
20150728,27.4,24.1,32,0.6,2925
20150729,27.3,24.3,31.1,7.1,2820
20150730,28.7,24.7,33.7,0,3121
20150731,28.3,24.5,33.6,0.2,2944
20150801,27.6,23.8,32.9,1,2944
20150802,27,23.5,31.5,5.1,2944
20150803,28.1,24.2,33.1,0,3037
20150804,28,23.3,33.3,0,2996
20150805,28,23.6,33.7,0,3005
20150806,28.4,23.4,34.3,0,2715
20150807,28.5,23.4,34.8,2.2,2600
20150808,27.1,23.6,33.8,6.8,2600
20150809,26.8,22.7,32.3,0,2600
20150810,26.4,22.7,31.5,0,2605
20150811,25.1,21.3,29.2,6.7,2605
20150812,23.8,20.4,27.9,5.1,2618
20150813,24.8,21,30.5,6.9,2529
20150814,25.1,20.8,30.8,1.1,2529
20150815,25.9,21.2,31.6,0,2529
20150816,24.8,21.4,29.7,6.9,2529
20150817,25.1,20.5,30.9,1,2537
20150818,25.2,21.3,30,0,2532
20150819,25,21.4,29,0,2514
20150820,24.1,22,27.3,5,2485
20150821,23.6,21.1,28.3,26.6,2386
20150822,24.3,21.1,28.6,0.3,2386
20150823,24.9,21.4,29.8,0.1,2386
20150824,24.7,22.1,27.9,3.1,2353
20150825,21.5,19.7,24,26.8,2345
20150826,22.2,18.7,26.9,0.4,2358
20150827,23.2,18.3,28.7,1.4,2519
20150828,23,18.8,28.7,2.5,2594
20150829,22.9,18.8,28.7,0,2594
20150830,23.2,18.3,29.1,0.4,2594
20150831,23.9,19.3,29.1,1.8,2638
20150901,23.6,20.8,27.9,5,2690
20150902,22.8,20,27.4,9.6,2691
20150903,22.9,19.2,28.1,1.8,2761
20150904,23.3,18.8,29,0,2758
20150905,21.7,19.4,25.6,9.4,2758
20150906,20.9,18,24.6,6.6,2758
20150907,20.7,15.9,26.4,0.1,2700
20150908,20,14.3,26.2,0,2636
20150909,20.3,13.6,27.1,0,2631
20150910,20.6,14.2,27.3,0,2703
20150911,21,15.7,26.6,1.5,2695
20150912,18.8,15.5,22.1,3.8,2695
20150913,18.6,13.5,25.1,0,2695
20150914,19.1,12.8,26.4,0,2763
20150915,19.3,13.3,25.7,0,2657
20150916,18.9,13.2,24.1,1.6,2675
20150917,19.3,15.2,24.2,4.4,2695
20150918,20.1,14.6,26.3,0,2715
20150919,20.1,15.2,26.7,0,2715
20150920,20.1,14.8,26.6,0,2715
20150921,20.6,15.1,27.9,0,2701
20150922,20.6,14.8,28,0,2717
20150923,19,15.6,22.5,8.4,2710
20150924,20.7,16.5,25.7,1.2,2707
20150925,20.6,16.3,26.3,0,2731
20150926,20.1,15.4,26.5,0,2731
20150927,19.7,13.7,27.6,0,2731
20150928,20.5,13.1,28.6,0,2731
20150929,20.7,14.4,27,0,2731
20150930,19.3,16.7,23.1,1.7,2734
20151001,18.1,14.5,22.6,37.4,2758
20151002,15.9,8.9,21.9,0,2758
20151003,18.2,11.9,24.9,0,2758
20151004,16.5,11,23.6,0,2758
20151005,16.7,11,24.4,0,2750
20151006,16.8,10.1,25.4,0,2825
20151007,17.2,10.8,24.8,0,2835
20151008,17.5,12.5,24.4,0.1,2779
20151009,16,10.2,21.4,0.4,2779
20151010,13.7,7.6,20.7,4.8,2779
20151011,12.7,8.6,17,2.2,2779
20151012,13.4,9.4,18.5,0.5,2662
20151013,14.4,7.5,21.8,0,2681
20151014,15.5,9.5,23.3,0,2681
20151015,15.7,9.9,23.8,0,2763
20151016,15.8,10.4,23.5,0,2698
20151017,16.1,10.2,24.8,0,2698
20151018,16.2,9.6,25.2,0,2698
20151019,16.4,10.7,23.5,0.1,2658
20151020,16.8,11.5,24.1,0,2658
20151021,16.9,11.8,23.9,0.2,2658
20151022,16.3,12.3,21.6,0.3,2710
20151023,16.3,12.3,22,0,2705
20151024,16.2,11.3,22.3,1.2,2705
20151025,14.7,9.6,21,0,2705
20151026,14.4,9.1,19.8,0.4,2706
20151027,13.4,9.7,17.8,16.3,2758
20151028,11.4,5.9,17.2,0,2715
20151029,10.5,5.4,16.3,0.4,2710
20151030,8,3.6,12.8,0,2701
20151031,6.3,0.7,13.2,0,2701
20151101,6.7,0.9,11.2,0.1,2701
20151102,10.1,4.6,16.4,0.2,2691
20151103,10.8,4.9,19,0,2724
20151104,10.9,3.8,20,0,2796
20151105,12.9,7.1,20.7,0,2901
20151106,13.5,8,19.2,2.6,2854
20151107,13.2,11.7,14.5,28,2854
20151108,13.7,12.5,15.1,13.8,2854
20151109,12.7,10.8,15.5,3.2,2860
20151110,11.1,7.6,15.3,0.2,2846
20151111,11.5,6.8,17.1,2,2824
20151112,13.7,9.1,18.1,0.6,2820
20151113,12.1,10.9,13.9,24.4,2855
20151114,13.8,12,16.2,5,2855
20151115,13.5,9.6,18.3,0,2855
20151116,12.6,8.9,15.8,10.7,2784
20151117,14.3,12.3,17.1,0.5,2760
20151118,11.6,9.4,14.2,7.9,2766
20151119,10.2,8.6,12.1,0.9,2585
20151120,11,7.6,15.9,0.1,2619
20151121,9.6,5.9,13.5,0.1,2619
20151122,11.3,7.3,15.5,4.6,2601
20151123,10.9,9.2,12.7,6.6,2601
20151124,8.5,6,11.2,2.8,2644
20151125,5.6,3.8,7.6,9,2701
20151126,0.9,-1.1,4.5,3.3,2673
20151127,1.1,-1.9,4,0.6,2668
20151128,3.2,0.1,7.2,0,2668
20151129,5.2,1.6,9.6,0.8,2668
20151130,6.4,1.5,11.6,0.2,2741
20151201,4.7,-0.9,12.1,0,2765
20151202,7.3,2.9,11.3,5.7,2747
20151203,3,-0.3,6.5,3,2782
20151204,2.8,-0.6,5.7,0.5,2782
20151205,5.5,2.1,8.7,0,2782
20151206,3.2,-0.7,8.3,0,2782
20151207,3.5,-2.5,9.9,0,2782
20151208,4.6,0,11.1,0,2782
20151209,6.2,-0.4,13.2,0,2782
20151210,8.7,6.6,10.6,14.1,2829
20151211,7.6,3.8,10.9,3.7,2809
20151212,5.5,1.1,10.8,0,2809
20151213,6.5,2.6,12.5,0,2809
20151214,6.9,4.2,8.7,3.9,2820
20151215,7.2,4.7,9.9,0.5,2888
20151216,1.7,-1.6,5.5,2.4,2944
20151217,-2,-4.8,1.4,0.3,2955
20151218,-0.5,-6,4.7,0,2897
20151219,1.4,-3,8.4,0,2897
20151220,2.1,-2.5,6,0.8,2897
20151221,4.3,0.5,9.3,1.5,2958
20151222,4.1,-1.1,9.6,0.1,2952
20151223,6.3,3.8,9,1.9,2934
20151224,4.2,0.8,8.7,0,2868
20151225,1.4,-2.6,5.8,0,2868
20151226,3.8,-2.1,9.8,0.2,2868
20151227,-0.8,-4.6,3.7,0,2868
20151228,-2.4,-6.4,2.2,0,2929
20151229,-1.4,-6.7,4.8,0,2906
20151230,0.9,-5.2,7.4,1.1,2874
20151231,2,-1.7,6.3,0.3,2839
20160101,1.7,-3.9,7.3,0,2839
20160102,5.1,0.3,11.5,0,2839
20160103,5.9,1,12.9,0,2839
20160104,5.3,0.1,10.1,0,2809
20160105,0.6,-2.4,4.4,0.5,2757
20160106,0.7,-4.2,5.4,0,2763
20160107,0.4,-2.6,4.3,0,2657
20160108,-0.5,-3.8,3.9,0,2657
20160109,0.7,-3.8,5.5,0,2657
20160110,1.7,-2.8,6.7,0,2657
20160111,-0.7,-4.4,4.3,0,2695
20160112,-2.1,-7.1,3.7,0,2695
20160113,-1.2,-4.9,2.3,0.8,2831
20160114,-1.1,-5.5,3.3,0.1,2953
20160115,-0.2,-5.3,6.2,0.1,2953
20160116,0.8,-4,7.3,0,2953
20160117,2.1,-1.3,5.6,3.3,2953
20160118,-2,-7.3,3.1,0.9,2863
20160119,-7.5,-9.7,-4.6,0.8,2868
20160120,-6.9,-10.9,-2.3,0,2878
20160121,-4.7,-8.4,0,0,2854
20160122,-4.2,-9.3,0.7,0,2854
20160123,-7,-11.3,-3.5,1.2,2854
20160124,-10.8,-14.2,-7.4,1.5,2854
20160125,-6.6,-12.4,-1.3,0.3,2776
20160126,-1.7,-7,3.5,0.1,2840
20160127,0.2,-4.8,6.1,0,2786
20160128,0.3,-4.6,3.6,6.7,2846
20160129,2.3,0.3,4.4,8.2,2863
20160130,2.2,-1.2,6.4,0.6,2863
20160131,-0.5,-3.2,2.9,0,2863
20160201,-2.9,-6.2,1.7,0,2884
20160202,-3.4,-8.6,2.7,0,2884
20160203,-1.8,-8.3,4.9,0,2999
20160204,0.4,-4.8,5.9,0,2999
20160205,-0.2,-5,5.4,0,2999
20160206,-1.4,-5.6,3.3,0.5,2999
20160207,-1.8,-8,5,0,2999
20160208,1.7,-5.7,7.4,0.2,2999
20160209,2.6,-2.2,7.5,0,2999
20160210,2.2,-4.9,10.8,0,2999
20160211,6.8,-1.2,13.7,0.2,2951
20160212,9.7,6.9,12,20.7,2951
20160213,11.7,7.1,16.2,11.4,2951
20160214,1.1,-3,9.5,0.8,2951
20160215,-3.1,-6,0.1,0.2,2965
20160216,-0.1,-4.4,4,0.5,2965
20160217,1.2,-4.1,6.5,0,2965
20160218,3.6,-2.9,9.7,0.1,3004
20160219,4.5,-0.2,8.9,0,3004
20160220,3.5,-0.6,8.7,0,3004
20160221,1,-3.6,6,0,3004
20160222,2.7,-1.5,6.5,0,3017
20160223,3.3,-1.3,8.5,0.2,2973
20160224,-1,-4.7,3.4,0.6,3009
20160225,0.3,-5.9,6,0,2897
20160226,2.8,-2.3,7.3,0.8,2900
20160227,5.2,1.2,10.6,1.4,2900
20160228,4,-0.5,10.5,5.8,2900
20160229,-1.8,-4.8,1.3,0.3,2878
20160301,-1.4,-7.3,4.3,0,2878
20160302,3.2,-3.8,10.4,0,2993
20160303,7.2,-0.1,15.2,0,3047
20160304,9.4,4.5,13.7,9.7,3047
20160305,11.8,8.2,15.5,27.9,3047
20160306,10.3,5.3,15.6,2.5,3047
20160307,8.9,3.4,14.9,0,3132
20160308,5.9,2.4,9.3,2.8,3144
20160309,3.1,0.3,8.2,2,3124
20160310,1.3,-1.9,5.7,0.1,2945
20160311,0.7,-3.9,5.8,0,2928
20160312,2.5,-4.2,8.7,0,2928
20160313,4.3,1,8.4,0.2,2928
20160314,4.2,-0.5,10,0,3005
20160315,5.6,-2.5,13.3,0,3069
20160316,8.8,3,16.4,0,2943
20160317,10.2,0.9,18.3,0.1,3112
20160318,11.2,7.9,15.4,9.3,3097
20160319,10.4,5.2,16.8,0,3097
20160320,8.2,3.3,13.8,0,3097
20160321,8.6,2.3,15.6,0,3044
20160322,9.3,2,16.9,0,3044
20160323,8.1,4.1,13.6,0.5,3005
20160324,6.4,1.2,12,0.2,3136
20160325,5.8,1.4,11.1,0.2,3143
20160326,5.7,0.2,12.1,0.5,3147
20160327,7,0,14.1,0,3147
20160328,9.3,0.7,17.5,0,3147
20160329,11.9,4.8,18,0.1,3109
20160330,12.7,6.4,20.3,0,3132
20160331,12.4,4.8,20.7,0,3173
20160401,13.2,4.3,22.8,0,3129
20160402,13.9,5.7,21.5,0,3129
20160403,11.7,8.9,15.2,9.5,3129
20160404,11.2,7.6,15.6,1.8,3038
20160405,12,5.1,19.6,0,3057
20160406,12.8,5.7,21,12.2,3093
20160407,12.7,9.2,18,21.9,3280
20160408,13.9,8,21.7,0,3108
20160409,14.9,8.2,22.2,0,3108
20160410,13.6,8.2,21.3,0.4,3108
20160411,10.9,6.8,16.1,0.2,3069
20160412,12.5,6.2,19,0.6,3069
20160413,14.2,10.9,18.2,13.1,3069
20160414,14.7,9.6,21.3,0,3231
20160415,13.7,6.5,21.2,0,3102
20160416,14.6,7.9,20.7,29.2,3102
20160417,13.1,10.1,17.2,9.5,3102
20160418,13,8.3,18.9,1.2,3412
20160419,12.5,7.4,19,0,3183
20160420,13.9,7.3,20.3,0.7,3240
20160421,13.8,10.9,17.3,28.8,3203
20160422,17.1,11.2,24.6,0,3203
20160423,15.2,10.9,20.7,0,3203
20160424,14.3,7.2,22.1,0,3203
20160425,15.9,7.3,24.9,0,3108
20160426,17,8.7,25.4,1.4,3198
20160427,12.4,10.8,15.5,25,3168
20160428,13.6,9.6,19.2,2.4,3151
20160429,14.4,8.4,20.9,0.1,3169
20160430,16.5,8.8,23.8,0,3158
20160501,18.1,10.4,26.1,0,3123
20160502,18.9,11.8,25.9,7.8,3119
20160503,15.3,11.7,19.8,26.8,3119
20160504,17,11.7,22.3,0.2,3119
20160505,18.2,9.3,26,0.8,3119
20160506,17.9,13.9,22.5,1.7,3119
20160507,17.1,11.3,23.6,0,3119
20160508,17.4,9.3,24.8,0,3119
20160509,18.1,13.6,23.4,0.2,3092
20160510,13.9,12.2,17.2,20.1,3069
20160511,15.7,11.4,21.7,0.9,3103
20160512,18,11,25.1,0,3142
20160513,16.6,11.9,22.5,0.1,3153
20160514,17.3,10.5,23.9,0,3153
20160515,18.1,11.7,24.3,12.6,3153
20160516,15.4,9.9,21.7,5.9,3153
20160517,17.8,8.6,26.6,0,3249
20160518,20.3,11.4,29.3,0,3492
20160519,20.3,12.4,28.8,0,3630
20160520,19.9,11.9,28,0,3740
20160521,20.1,12.3,27.9,0,3740
20160522,20.2,12.4,28.1,0,3740
20160523,20.6,12.5,27.8,0,3649
20160524,18,15,21.3,20.3,3649
20160525,19.4,13.7,25.8,0,3649
20160526,20.4,15.1,25.9,0.1,3451
20160527,21.5,16.8,27.5,0.1,3426
20160528,20.9,16.3,27.1,0.4,3426
20160529,20.2,15.7,26.5,0.6,3426
20160530,21.3,14.4,28.4,0,3304
20160531,21.7,15.5,28.1,0,3097
20160601,20.9,15.8,26.5,0,3012
20160602,20.2,13.1,27,0,2949
20160603,21.6,14.3,28.3,0,3996
20160604,19.4,16.3,22.9,3.9,3996
20160605,21,15,27.3,0,3996
20160606,19.5,16.8,22.6,0.7,3996
20160607,21.2,17.9,25.9,0.3,2870
20160608,21,18.1,25,1.7,2870
20160609,22.2,17.4,28.3,0,2867
20160610,22.8,17.7,28.8,0,2817
20160611,23.6,19.3,28.6,2.1,2817
20160612,23.1,20.4,26.5,2.6,2817
20160613,22.5,19.2,27.7,0.1,2765
20160614,22.1,18.4,27.4,0.5,2771
20160615,21.5,18.7,24.9,4.8,2748
20160616,22.1,19.1,25.9,1.7,2752
20160617,23.2,17.5,29.5,0,2752
20160618,23.7,17.9,29.8,0.8,2752
20160619,23.8,19.8,29.2,1.4,2752
20160620,23.2,18.5,28.4,5.7,2774
20160621,23.6,20.1,28.1,0.3,3002
20160622,22.8,20.6,26.4,7,3002
20160623,24.2,19.9,29.4,0.1,3091
20160624,21.9,19.9,25.2,30.3,3141
20160625,22.7,18.8,27.3,0,3141
20160626,23.2,17.5,29.3,0,3141
20160627,22.1,17.6,27,1,3158
20160628,22.4,17.8,27.4,0.5,3158
20160629,22.8,19.2,26.7,0.9,3250
20160630,24.4,20.8,29.2,1,3019
20160701,24.2,22,27.6,55.2,2970
20160702,23.6,21.5,27,24.6,2970
20160703,22.4,20,25.3,22.3,2970
20160704,22.2,20.2,24.7,53.2,2920
20160705,24.8,21.5,28.6,39.5,2954
20160706,23.6,21.2,27.4,27.8,2986
20160707,24.2,20.9,29,1.2,2816
20160708,25.4,20.8,31.2,1,2804
20160709,26.1,21.2,32.1,0,2804
20160710,26,21.7,31.1,0,2804
20160711,25.6,22.2,30.3,2.9,2738
20160712,24.6,22.4,28,8.2,2723
20160713,25.6,22.1,29.9,0.1,2714
20160714,25,21.4,30,2.3,2865
20160715,24.5,20.7,28.7,0.8,2869
20160716,21.7,20.4,23.8,27.9,2869
20160717,23.3,20.7,27,0.9,2869
20160718,23.7,19.7,28.7,0,2980
20160719,25,20.4,30,0.1,2980
20160720,25.3,21.6,29.8,0,3006
20160721,25.1,21.5,29.7,0,3066
20160722,25.8,21.7,30.7,0,3108
20160723,26.4,22.2,31.2,1.7,3108
20160724,27.3,23.6,32,4.8,3180
20160725,27.3,24.5,31.6,5.8,3186
20160726,28,24,32.8,0,3189
20160727,28,24.5,32,0.9,3180
20160728,28.3,24.8,32.7,0.8,3171
20160729,27.8,24,32.1,9.7,3104
20160730,28.4,25,33.3,6.7,3104
20160731,28,24.4,33.5,4.1,3104
20160801,27.4,23.7,32.8,2.4,3098
20160802,26.4,23.6,30.9,3,3097
20160803,26.7,23.1,31.8,1.6,3068
20160804,27.7,23.4,33,0.2,2956
20160805,28,23.3,33.6,0.2,2897
20160806,28.3,23.4,34,0.6,2897
20160807,28.5,24.1,34.2,1.5,2897
20160808,28.2,24,34.5,4.9,2897
20160809,27.7,23.9,32.6,0.6,2868
20160810,28.4,23.9,34,0,2753
20160811,29.3,24.1,35.4,0,2785
20160812,29.5,24.4,35.6,0,2811
20160813,29.5,24.6,35.3,0,2811
20160814,29.1,25,34.4,1,2811
20160815,28.5,25,33.8,2.6,2811
20160816,27.9,24.2,33.2,4,2820
20160817,27.7,23.2,33.3,0.7,2785
20160818,28,23.7,33.6,0.4,2881
20160819,28.2,23.8,33.6,0.4,2902
20160820,28.3,24.1,34,0.1,2902
20160821,27.9,23.2,33.8,0.2,2902
20160822,28,23,34,1.2,2919
20160823,27.3,23.6,32.2,1.8,2907
20160824,27.3,22.9,33.2,0,3090
20160825,27.2,21.3,33.7,2.1,3050
20160826,21.9,18.3,27.2,11.3,3020
20160827,22,17.1,27.1,0.6,3020
20160828,19.6,17.3,23.3,22.8,3020
20160829,20.5,16.3,25.4,3,3053
20160830,20.7,16.9,24.7,1,3074
20160831,21.8,18.5,25.3,7.8,3084
20160901,24.6,19.6,30.2,2,2871
20160902,21.4,19.4,24.8,28.9,2945
20160903,22.9,19.7,27.1,20.5,2945
20160904,24.6,21.1,29.4,2.1,2945
20160905,24.6,21.7,29.1,1.3,2932
20160906,23.6,20.2,27.8,0,2914
20160907,23.1,19.9,27.9,1.3,2834
20160908,22.7,18.6,28.2,3.2,2913
20160909,22.8,18.9,28.5,1.4,2912
20160910,22.4,18.7,27.6,5.1,2912
20160911,22.8,19.3,27.3,1.2,2912
20160912,21.7,19.1,25.9,7.8,2912
20160913,22.4,17.7,28.2,0,2900
20160914,22.6,18.7,27.7,0,2900
20160915,22.6,18.2,28.2,0,2900
20160916,22.1,19.6,25.3,5,2900
20160917,20.5,18.8,22.8,85.6,2900
20160918,20.3,18.3,22.8,6.5,2900
20160919,20.2,17.1,24.1,0.2,2899
20160920,18.8,13.9,24.4,0,2899
20160921,18.4,12.7,24.1,0,2944
20160922,19.4,15.8,24.6,0,2975
20160923,19.7,14.4,26.1,0,3005
20160924,20.4,15.4,27.1,0,3005
20160925,20.7,16.1,26.6,0,3005
20160926,21.7,17.9,26.5,2.2,2993
20160927,22.7,20.1,26.7,5.4,2984
20160928,21.3,18.8,24.7,7.6,2984
20160929,19.1,17,21.7,1.3,2935
20160930,17.8,15.9,19.9,13,2937
20161001,19.1,16.3,22.3,2.4,2937
20161002,20.8,17.8,24.4,6.1,2937
20161003,22.6,18.9,26.9,9.6,2937
20161004,21.4,16.8,27.2,0.6,2976
20161005,19.5,16.7,24.2,51.1,2943
20161006,18.6,14.4,24.3,0,2802
20161007,18.4,14.8,22.8,9.3,2730
20161008,17.4,14,21.5,23.6,2730
20161009,12.8,8.8,17.8,0,2730
20161010,13.3,8.4,19.1,0,2748
20161011,14.5,10.2,20.6,0,2731
20161012,15.1,10.8,21.2,0,2739
20161013,14.5,10.6,20.2,0,2806
20161014,15.2,9.2,23.1,0,2788
20161015,16.7,10.6,24.3,0,2788
20161016,16,13.9,18.5,18.5,2788
20161017,17.7,14,23.2,0.3,2838
20161018,16.3,12,22.4,0,2838
20161019,16.8,12.6,23.3,0,2838
20161020,16.8,11.7,22.7,0.1,2861
20161021,16.6,14.9,18.8,0.4,2866
20161022,16.8,13.6,21,0.4,2866
20161023,14.4,11.4,17.6,2.3,2866
20161024,14.2,9.5,19.4,0,2970
20161025,14.6,11.3,19.1,13.7,2982
20161026,13.8,10,18.3,0,2982
20161027,14.5,9.1,19.2,0,3008
20161028,14.1,12.1,16.5,5.6,3088
20161029,10.6,7.1,14,0.7,3008
20161030,8.1,2.9,15.1,0,3008
20161031,8.3,4.4,11.6,0.3,2989
20161101,4.6,0.4,9.7,0,2983
20161102,5.3,-1.2,11.8,0.1,2990
20161103,8.1,2.9,14.7,0.1,2714
20161104,10.2,3.5,17.4,0,2714
20161105,13.2,7.6,19.8,0.2,2714
20161106,12.6,8.9,16.5,1.6,2714
20161107,13.1,9.4,17.8,1.5,2660
20161108,8.2,3.1,12.7,1.7,2682
20161109,4.3,-0.7,10.5,0,2682
20161110,7.3,2.8,12,3.1,2854
20161111,9.3,4.5,15.2,0.9,2818
20161112,10,2.9,18.2,0,2818
20161113,12.6,6.9,18.3,3,2818
20161114,14.3,10.2,18.7,2.3,2858
20161115,9.5,3.4,15.2,0,2853
20161116,6.6,0.3,14.3,0,285
20161117,8.7,3.3,16.1,0,2854
20161118,10,3.6,15.6,12.8,2900
20161119,13.4,10.6,16.7,1.2,2900
20161120,12.2,7.3,17.6,0,2900
20161121,10.3,6.1,14.2,0.1,2949
20161122,6.3,2.5,10.9,0.9,2949
20161123,3.1,-0.5,7.6,0.1,2879
20161124,0.7,-3,5.5,0,2884
20161125,1.9,-2.8,8.1,0,2911
20161126,1.2,-2.6,4.3,2.4,2911
20161127,4.1,1,8.5,0.1,2911
20161128,3.8,-0.2,8.4,0,2911
20161129,3.1,-2.3,10,0.2,2911
20161130,6.2,1.2,10.7,2.5,2939
20161201,6.5,0.8,10.8,0.1,2823
20161202,3,-2.6,10,0,2823
20161203,4,-2.6,12.1,0,2823
20161204,5.3,1.1,10.2,0,2823
20161205,7.9,2.5,13.8,0.1,2816
20161206,1.8,-2.9,6.7,0,2811
20161207,1.6,-4.2,7.6,0.1,2849
20161208,3.6,-2.5,9.7,1.3,2833
20161209,4.6,-0.5,8.9,1.3,2778
20161210,0.8,-3.9,7.1,0,2778
20161211,0.1,-5.7,7.8,0,2778
20161212,3.9,-2.8,10.1,0.2,2753
20161213,5.4,1.4,9.9,0.3,2734
20161214,1.6,-1,4.7,2.5,2734
20161215,-0.8,-4.2,2.7,0.1,2724
20161216,-1.8,-6.9,2.9,0,2774
20161217,3.4,-2.2,10.1,0,2774
20161218,4.4,-1.1,10.6,0.1,2774
20161219,7.2,3.4,10.5,4.9,2774
20161220,7.3,3.3,13,0,2799
20161221,8.7,3,13.7,24.2,2838
20161222,8.4,4.4,15.3,14.4,2809
20161223,1.7,-0.3,4.6,0.6,2807
20161224,0.5,-2.3,4,0,2807
20161225,2.9,-2.9,9,0.1,2807
20161226,4.6,2.9,6.2,10.3,2832
20161227,1.2,-3.2,4.5,2.1,2827
20161228,-1.4,-6.5,4.8,0,2839
20161229,-1.3,-4.5,2.1,0.2,2779
20161230,-1.4,-7,4.6,0,2779
20161231,1.7,-2.9,7.1,0,2779
20170101,3.2,-1.5,9.6,0,2779
20170102,5.5,0.4,11.3,0,2779
20170103,3.6,-0.9,9.8,0,2779
20170104,3.8,-1.3,10.6,0,2757
20170105,4.3,-0.7,8.5,2,2684
20170106,5.2,0.8,10.5,0.1,2684
20170107,4,-1.4,9.5,0.1,268
20170108,7.2,3.9,11.9,1.6,2684
20170109,4.4,-0.5,8.1,0.1,2678
20170110,0.4,-2.9,4.7,0,2656
20170111,-1.7,-6.2,2.8,0,2631
20170112,0.7,-3.7,5.6,0.2,2762
20170113,-2.2,-5.9,2.8,0.3,2762
20170114,-5,-7.8,-1.8,0,2762
20170115,-4.8,-10.6,1.6,0,2762
20170116,-3,-8.8,4.4,0,2843
20170117,-1.7,-7.8,5.8,0,2831
20170118,0.5,-4.5,5.9,0,2862
20170119,0.1,-5,6.8,0,2794
20170120,-1.7,-5.4,1.4,3.3,2807
20170121,-2.6,-8.1,2,0.6,2807
20170122,-3.7,-6.9,0.1,0.6,2807
20170123,-5.9,-9.9,-1.1,0.1,2814
20170124,-4.7,-10.1,1.5,0,2771
20170125,-3.7,-9.7,3.3,0,2755
20170126,-0.9,-9.1,6.8,0.1,2813
20170127,1.5,-3.7,6.6,1.2,2813
20170128,0.5,-7.3,8.3,0,2813
20170129,3.3,0.9,5.7,3.9,2813
20170130,-1,-5.5,3.2,1.1,2813
20170131,-2.9,-8.7,3.7,0,2842
20170201,-1.2,-5.4,4.2,0,2849
20170202,-0.9,-7.5,6.1,0,2817
20170203,1.8,-3.8,8.6,0,2882
20170204,4.1,-2.3,9.9,0.8,2882
20170205,4.2,1.8,7.5,1.1,2882
20170206,0.8,-2.6,4.7,0,2854
20170207,0.1,-4.7,6.3,0,2854
20170208,0.8,-3.6,5.3,0,2837
20170209,-2.1,-5,1.2,0.1,2813
20170210,-4.1,-6.8,-0.5,0.6,2839
20170211,-2.8,-7.5,1.8,0.1,2839
20170212,-0.7,-6.1,5.4,0,2839
20170213,1,-5.9,7.3,0.3,3020
20170214,1.5,-3.4,7.6,0,3044
20170215,2.4,-5.3,11,0,3001
20170216,7.1,-2.8,14.5,1.4,3050
20170217,5.6,-1,12,1.7,3050
20170218,0,-4.6,5.1,0,3050
20170219,3.4,-5,10,2,3050
20170220,2.9,-3,9.6,5.4,3121
20170221,0.8,-6.2,7.9,0,2907
20170222,3.6,0.3,5.9,16.1,2871
20170223,1.4,-2,5,0,2906
20170224,0.6,-4.7,6.1,0,2955
20170225,3.1,-2.6,9.2,0,2955
20170226,3.4,-2,10,0,2955
20170227,3.6,-2.5,11.1,0.1,2968
20170228,4.8,-2.5,13,0,2984
20170301,6.2,0.7,12.7,2.1,2984
20170302,3.2,-0.7,6.9,2,2885
20170303,3.9,-3.2,11.7,0,2885
20170304,5.6,-1,13.7,0,2885
20170305,6.2,-0.3,13.8,0.2,2885
20170306,2.9,-1.1,7,0.3,3003
20170307,0.1,-3.2,4.4,0.5,3067
20170308,1.4,-3.8,6.3,0,3067
20170309,5,-1.6,11.3,0,3055
20170310,5.4,-1.3,12.7,0,3055
20170311,6.5,-2.2,15.8,0,3055
20170312,8.5,0.2,16.4,0,3055
20170313,7.9,2.7,13.7,0,3026
20170314,5.5,0.6,11.4,0.6,3029
20170315,4.8,-1.8,12.2,0,3059
20170316,5.6,-1.4,13.1,0,3165
20170317,6.9,-1.2,15.5,0,3109
20170318,8.4,2.3,16.8,0,3109
20170319,9.1,0.7,17.9,0,3109
20170320,8.3,2.1,13.6,2.8,3161
20170321,7.1,2.4,12.5,1.5,3171
20170322,6.9,-0.6,14,0,3083
20170323,8.7,3.8,15.1,0.1,2997
20170324,7.8,2.3,13.3,0,2987
20170325,6.4,4,9.7,6,2987
20170326,6.2,2.8,10.8,1.2,2987
20170327,6,2.4,10.8,1.3,2963
20170328,7.3,0.7,13.6,0.7,2964
20170329,8.5,4,14,1.1,2968
20170330,10.5,2.8,18.4,0,2973
20170331,8.7,6.2,12.1,3.8,2969
20170401,7.5,4.1,12.3,3.4,2969
20170402,8.2,1.7,15.1,0,2969
20170403,11.5,2.9,20.2,0,2983
20170404,13.4,4.1,21.9,0,2988
20170405,13.3,10.2,16.2,17.7,3014
20170406,13.6,10.5,17.1,9.8,3038
20170407,14.2,8.5,21.9,0,3021
20170408,14.9,8.1,23.1,0,3021
20170409,13.4,9.2,18.2,0.6,321
20170410,13.4,8.3,19.5,0.1,2984
20170411,12.2,8.4,18.2,10.8,2984
20170412,12.3,7.2,17.7,0,2983
20170413,13.1,4.6,20.3,0,2892
20170414,14.7,8.5,20.5,0.9,2892
20170415,17.6,11.3,24.8,0.1,2892
20170416,17.8,10.3,26.6,0,2892
20170417,13.6,10.8,17.2,15.3,2881
20170418,13.3,8.6,20.1,3.1,2881
20170419,13.3,7.4,19.4,0,2881
20170420,12.4,8.9,17.6,0.9,2911
20170421,13,7.1,19.9,0,2911
20170422,13,7,20,0.1,2911
20170423,14,6,21.8,0,2911
20170424,15,6.4,22.5,0,2911
20170425,16.9,11,22.4,0.8,2911
20170426,14.9,10.1,20.1,1.2,2903
20170427,13,6.4,19.3,0,3012
20170428,15.1,6.2,23.3,0,3068
20170429,17.1,8.2,25,0,3068
20170430,19.8,11.9,27.7,0,3068
20170501,17.8,11.3,25.4,0,3068
20170502,16.9,9.4,24.7,0,3068
20170503,18.3,9.5,27.2,0,3068
20170504,19.1,11.3,26.4,0.3,3068
20170505,19.8,15.6,25.1,3.7,3068
20170506,16.7,11.1,22.6,0,3068
20170507,17.3,9.2,24.7,0,3068
20170508,18.2,10.3,24.9,0,3016
20170509,14.9,12.9,19.1,11.2,3016
20170510,15.5,12.6,19.7,1.1,3136
20170511,18.9,12.3,25.8,0.3,3078
20170512,18,14.4,21.8,1.7,3289
20170513,17.5,12.3,24.5,2.9,3289
20170514,16.7,11.3,22.7,0,3289
20170515,16,10.2,21.7,0,3290
20170516,16.5,11.1,22.2,0,3507
20170517,17.4,11,24.7,0.7,3380
20170518,19.7,11.5,27.4,0,3582
20170519,21.5,13.5,29.5,0,3632
20170520,21,13.8,28.4,0,3632
20170521,20.7,13.8,27.9,0,3632
20170522,20.2,13.1,27.3,0,3377
20170523,19.6,13.7,25.5,1.4,3377
20170524,19.8,16,25.4,3.6,3377
20170525,19.6,13.2,27.8,0,3421
20170526,16.1,10.9,21.7,0,3408
20170527,17.5,9.8,25.1,0,3408
20170528,20.6,11.8,28.3,0,3408
20170529,23.4,16.6,30.6,0,3279
20170530,23.1,16.2,30.4,0,3396
20170531,21.6,16.5,27.9,2.5,3355
20170601,21,16.2,27.3,2.6,3151
20170602,19,12.3,25.6,0.1,3100
20170603,19.3,14.2,25.3,0.2,3100
20170604,19.5,11.5,27,0.2,3100
20170605,20.3,13,27.6,0,3091
20170606,17.8,14.5,21.7,10.7,3111
20170607,18.4,15.9,21.2,5.5,3036
20170608,20.5,15.9,26.4,0,3098
20170609,22,15.5,28.6,0.4,3098
20170610,21.2,16.6,26.6,0.4,3098
20170611,20.4,14.2,27.1,0.9,3098
20170612,19.5,14.7,24.8,0,3186
20170613,19.2,14.7,25.4,2.1,3228
20170614,20.7,14.4,27.2,0,3211
20170615,22.6,16,29.8,0,3110
20170616,22.2,16.4,28.7,0,3134
20170617,22.4,16.3,29.3,0,3134
20170618,23.4,16.3,31.2,0,3134
20170619,24.2,17.1,31.7,0,3121
20170620,23.2,18.1,28.7,2.1,3121
20170621,23.4,18.7,29.1,0.3,3081
20170622,23.9,18.2,30.3,0,3083
20170623,24.7,18.6,31.5,0,3116
20170624,23.2,19.3,29,2.5,3116
20170625,22.7,19.1,28.2,10.4,3116
20170626,22.2,19.6,26.8,12.4,3080
20170627,23.1,19.7,28.1,3,3060
20170628,24.2,19.8,29.9,1.5,2999
20170629,23.9,20.4,28.6,5.2,2951
20170630,25.3,20.8,30.4,0.3,2901
20170701,25.3,22.6,29,4,2901
20170702,25.6,23.3,28.8,23.3,2901
20170703,25.6,23.5,29.1,29.4,2875
20170704,25.4,22.9,29.8,20.7,2875
20170705,26,22.5,31.2,1.7,2859
20170706,25.4,22,30.5,15,2897
20170707,26,22.9,29.1,4.4,2932
20170708,25.6,23.4,28.6,24.4,2932
20170709,27,23.4,32,9.6,2932
20170710,26.1,24.1,28.5,26.7,2960
20170711,26.5,23.2,30.7,4.8,2999
20170712,27.2,23.1,32.6,0,2987
20170713,27.1,22.2,33,0,2942
20170714,26.8,22.9,33.2,9.8,2935
20170715,25.5,23.1,28.4,20.7,235
20170716,26.7,23.7,30.4,25.1,2935
20170717,26.4,23.4,30.6,6.2,3043
20170718,26,23.1,30,3.4,3021
20170719,27.4,23.5,32.8,0,2762
20170720,28.4,23.8,33.6,0,2738
20170721,29.4,25.5,34.1,0.7,2807
20170722,27.8,24.8,32.2,4.6,2807
20170723,26.8,24.4,29.5,13.2,2807
20170724,27.1,24.9,31.2,10,2678
20170725,26.8,23.9,31,10.7,2686
20170726,26,21.7,30.8,0,2743
20170727,25.5,20.4,31.1,0.3,2766
20170728,26,22.2,30.2,11.3,2749
20170729,25.4,23.4,28.5,7.4,2749
20170730,26.1,23,30.6,0.8,2749
20170731,24.8,23.1,27,19.9,2840
20170801,26.6,22.9,31.9,2.2,2827
20170802,27.2,23.8,32,0.4,2769
20170803,27.2,23.1,31.9,0,2783
20170804,28.5,23.5,33.9,0,2795
20170805,29.6,24.7,35.1,0.6,2795
20170806,29.4,25.1,34.8,1.7,2795
20170807,28.5,24.8,33.8,1.6,2837
20170808,27.4,23.5,32.3,0.4,2837
20170809,25.6,23.5,28.4,11.6,2799
20170810,25.6,23.4,29.1,15.7,2764
20170811,25.8,22.3,31.2,8.8,2764
20170812,25.6,21.8,30.3,0.8,2764
20170813,24.1,21.4,26.8,3.1,2764
20170814,22.9,21.4,25.1,42.9,2791
20170815,23.2,21.6,25.2,29.1,2791
20170816,24.6,22,28.3,6.4,2790
20170817,24.5,21.8,28.7,5.3,2688
20170818,25,21.7,29.9,6,2688
20170819,24.9,21.9,29.1,8.1,2688
20170820,24.7,22.7,27.8,24.6,2688
20170821,25.4,23,29.4,26,2722
20170822,26.7,23.4,31.6,8.2,2675
20170823,27.8,24.4,32,10.6,2640
20170824,28,24.7,31.6,14.4,2730
20170825,25.9,21.2,31.3,3,2720
20170826,23.2,17.9,29.6,0,2720
20170827,22.4,16.6,28.6,0,2720
20170828,23.7,18.3,28.8,8.4,2676
20170829,22.3,18.2,26.9,1.1,2740
20170830,19.7,16.6,24,0,2780
20170831,21.1,15.5,27.3,0,2780
20170901,21.3,16,27.6,0,2780
20170902,20.7,15.3,26.5,0,2780
20170903,21.3,15.3,27.8,0,2780
20170904,21.9,17,27.7,0,2808
20170905,20.7,18.1,23.4,1.6,2808
20170906,20.9,18.5,23.9,15.4,2756
20170907,21.4,17.8,26.9,1.2,2839
20170908,22.4,17.7,28.8,0,2833
20170909,22.2,17.4,28.8,0,2833
20170910,22.4,18,27.4,0.2,2833
20170911,20.6,18.2,23.6,46.6,2756
20170912,21.8,17.1,27.8,0,2718
20170913,20.1,14.4,27.2,0,2867
20170914,20.3,13.6,27.2,0,2881
20170915,20.6,16.5,25.3,0,2822
20170916,20.5,16.1,24.8,0.1,2822
20170917,21.1,17,26.1,1.8,2822
20170918,20.7,15.2,27.2,0,2852
20170919,21.9,16.5,27.3,3.5,2852
20170920,19.7,14,24.5,0.4,2816
20170921,18.2,11.8,25.7,0,2575
20170922,19.3,14,26.5,0,2593
20170923,19.9,14.9,26.3,0,2593
20170924,21.1,16,27.6,0,2593
20170925,21.8,16.9,28.5,0,2499
20170926,22.3,16.9,28.3,0,2608
20170927,19.4,17.3,22.6,21,2478
20170928,19.7,15,25.1,0.2,2648
20170929,15.8,10.3,21.8,0,2565
20170930,17.3,9.9,25.9,0,2565
20171001,16.6,12.9,20.3,21.2,2565
20171002,19.9,16.5,24.6,15,2565
20171003,18.1,14.9,23.1,0.6,2565
20171004,17.1,13,22.3,0.1,2565
20171005,16.8,13,21,1.1,2565
20171006,16.5,13.9,19,8.4,2565
20171007,19.4,15.9,24.6,0.1,2565
20171008,20.4,16.3,26.5,0,2565
20171009,20.9,16.4,27.1,0,2565
20171010,20.9,16.8,26.6,1.5,2592
20171011,17.7,14.6,21.8,6.3,2667
20171012,13.1,10.6,15.5,9.3,2694
20171013,13,7.7,19.2,0,2670
20171014,14.1,8.9,20.3,0,2814
20171015,14.7,10,19.4,0.8,2860
20171016,15.5,12.1,20.2,0,2904
20171017,15.1,9.7,21.6,0,2920
20171018,15.6,13,18.7,0.3,2944
20171019,15.3,11.3,20.5,0.5,2943
20171020,15.2,10.1,22.4,0,2944
20171021,15.1,9.4,22.6,0,2943
20171022,15.5,9.4,21.7,0.1,2986
20171023,12.9,8,18.6,0,2951
20171024,11.7,7.3,18.5,0.1,2843
20171025,11.7,6,19.8,0,2807
20171026,12.7,6.9,19.5,0,2807
20171027,14.4,9.6,21.5,0,2807
20171028,15.3,9.2,22.1,0,2807
20171029,12.8,7.6,19.4,1.9,2807
20171030,7.9,2.9,14.1,0,2793
20171031,8.8,1,17.5,0,2804
20171101,12.2,6,18.5,0,2804
20171102,13.4,9,19.3,0.1,2817
20171103,12.1,7.1,18.4,1.3,2890
20171104,8.1,3.6,13.8,1.3,2890
20171105,7.6,1.4,15.7,0,2890
20171106,9.6,2.6,18,0,2859
20171107,13.5,6.4,19.8,0.1,2907
20171108,14.1,7.5,19.6,0,2915
20171109,9.2,2.8,17.6,0,2961
20171110,11.5,4.3,19.4,2,2861
20171111,6.7,1.7,12.1,0,2861
20171112,5.6,-0.6,13.6,0,2861
20171113,8.2,1.2,14.4,0.4,2873
20171114,9.2,4.1,14.4,0,2865
20171115,5.5,1.2,10.3,0,2798
20171116,3.1,-1.6,9.3,0,2770
20171117,5.1,-2,10.4,0.2,2770
20171118,2,-2.1,7.6,0,2770
20171119,0.8,-4.1,5.5,0,2770
20171120,3.1,-1.5,8.3,0,2889
20171121,2.9,-2.7,10.2,0,2859
20171122,5.3,0.1,10.7,0.5,2801
20171123,2.3,-2,6.7,0.6,2928
20171124,1.9,-2.1,6.5,1.3,2859
20171125,4,-3.4,10.4,3.3,2859
20171126,6.3,0.8,12.4,1.3,2859
20171127,3.9,-1.8,11.6,0,2783
20171128,7.3,0.7,14.4,0,2927
20171129,7.5,3.1,12.2,0,2885
20171130,2.1,-1.9,6.6,0,2958
20171201,-0.6,-5.2,4.8,0,2928
20171202,1.3,-4.9,8.1,0,2928
20171203,4.4,-1.7,11,0.5,2928
20171204,2.2,-2.6,6.9,0.2,2946
20171205,-2.3,-6,1.9,0.2,2893
20171206,0.6,-5.2,6.7,0.9,2893
20171207,2.6,-1.9,7.6,0.9,2888
20171208,-1.3,-4.3,2.4,0.2,2914
20171209,0.7,-4.5,6.2,0,2914
20171210,3.5,-1.1,8.9,2.2,2914
20171211,-3,-6.7,1.7,0.2,2914
20171212,-6,-9.7,-1.7,0,2914
20171213,-5.2,-9.6,0.4,0,2914
20171214,-4,-10.5,2.8,0,3023
20171215,-0.8,-7.2,4.7,0,3023
20171216,-1.7,-5.6,2.1,0.2,3023
20171217,-4.4,-9,0.3,0.1,3023
20171218,-0.2,-7.3,5.7,0.3,3024
20171219,-1.3,-5.9,3.4,0.1,3075
20171220,-1.5,-7.8,4.7,0.7,3075
20171221,-0.1,-4.8,5.8,0,2988
20171222,1.7,-4.3,8.5,0,3023
20171223,3.9,-1.1,11,0,3023
20171224,4.3,1.3,8.1,14.2,3023
20171225,0.2,-2.7,3.5,0,3023
20171226,-0.6,-4.9,4.1,0.1,3068
20171227,-3.9,-8,0.7,0,2990
20171228,-1.5,-6.9,3.7,0,2991
20171229,2.9,-2.1,8,0,2991
20171230,2.9,-1.6,7.1,0.6,2991
20171231,2.1,-2,5.8,0.4,2991
